customer_id,customer_name,age,email,country,postal_code,purchase_amount,purchase_date,product_name,sales_representative
1,Zorana Galgey,60,kgabites0@vinaora.com,Portugal,9880-324,3471.54,2/16/2020,Product A,Kearney Gabites
2,Kerianne Sarver,32,wmcgrae1@naver.com,Ivory Coast,,7920.58,8/30/2020,Product B,Willy McGrae
3,Chiarra Sheerman,53,cemanueli2@qq.com,Sweden,891 41,7457.13,5/17/2020,Product C,Correna Emanueli
4,Caro Goutcher,36,ikummerlowe3@ebay.co.uk,China,,1468.73,2/9/2021,Product C,Isobel Kummerlowe
5,Miran Volkes,66,nbeaushaw4@github.io,China,,6292.06,5/23/2021,Product C,Nefen Beaushaw
6,Orville Penberthy,79,bshrieves5@columbia.edu,Ukraine,,9248.63,10/12/2020,Product C,Bay Shrieves
7,Harlene Guerrieri,53,ngumby6@imdb.com,Armenia,,3707.37,3/29/2020,Product C,Nariko Gumby
8,Jamima Wisbey,56,vdrillingcourt7@ebay.com,China,,6210.73,2/15/2021,Product B,Verina Drillingcourt
9,Felipe Chicotti,68,jbrellin8@pcworld.com,China,,5102.04,11/18/2021,Product C,Jennee Brellin
10,Corney Andreazzi,78,rmisselbrook9@disqus.com,Mexico,62577,6020.93,9/29/2021,Product C,Regan Misselbrook
11,Devan Wynne,21,btapscotta@eepurl.com,South Africa,1360,8082.98,2/19/2021,Product A,Bobbie Tapscott
12,Elden Leppard,37,glatekb@odnoklassniki.ru,South Korea,,9456.04,12/2/2021,Product B,Genovera Latek
13,Rozella Standingford,46,rgarfootc@furl.net,Ukraine,,2465.31,4/3/2020,Product C,Rochella Garfoot
14,Salvidor Antoney,23,reverleighd@nytimes.com,France,62254 CEDEX,8959.85,2/26/2021,Product B,Ron Everleigh
15,Minnie Suckling,27,jcreswelle@wp.com,China,,5773.51,10/16/2020,Product A,Jermain Creswell
16,Angie Edmeades,59,lpostlef@imageshack.us,Vietnam,,2568.03,10/29/2021,Product C,Lian Postle
17,Becki Stieger,48,ecomiamg@feedburner.com,Iran,,9679.23,8/29/2021,Product B,Emlynn Comiam
18,Merralee Mitchall,35,bgotliffeh@rambler.ru,Philippines,1135,8003.74,12/8/2021,Product A,Barnie Gotliffe
19,Carney Petigrew,79,ljarratti@dion.ne.jp,Czech Republic,749 01,5387.86,3/24/2020,Product B,Lloyd Jarratt
20,Carmen Foord,81,akeydenj@bloglines.com,Sri Lanka,80600,6121.42,10/4/2020,Product B,Anneliese Keyden
21,Laurie Children,53,ccockshootk@stumbleupon.com,Russia,601389,5869.52,9/3/2021,Product C,Crysta Cockshoot
22,Silvia Bolderstone,32,bdeignanl@psu.edu,Canada,G5J,5191.57,8/24/2020,Product A,Bentley Deignan
23,Marylou Brussels,79,hboutcherm@paginegialle.it,Brazil,62800-000,5277.97,10/31/2021,Product B,Henka Boutcher
24,Gaylor Darwood,55,kclemendotn@cnet.com,Philippines,7500,2143.55,3/15/2020,Product C,Kippy Clemendot
25,Hayden Saipy,51,dwoodcocko@pcworld.com,Portugal,4785-103,2966.86,4/26/2021,Product B,Dottie Woodcock
26,Kristine Duckers,34,ecoetzeep@guardian.co.uk,Russia,619221,1413.58,6/17/2021,Product B,Estrella Coetzee
27,Hestia Fri,34,mbridgeq@example.com,Norway,7729,9942.21,3/21/2020,Product B,Merle Bridge
28,Pace Old,45,tsunnexr@ow.ly,Vietnam,,2062.51,11/7/2020,Product A,Trula Sunnex
29,Bald Dexter,61,mdurands@msn.com,Russia,624082,4679.19,1/23/2020,Product B,Mada Durand
30,Thorstein Gillon,34,ssimysont@woothemes.com,France,53080 CEDEX 9,6870.41,10/22/2021,Product A,Shanda Simyson
31,Karon Skelhorne,66,eorrocksu@icio.us,China,,5559.01,3/8/2020,Product A,Emylee Orrocks
32,Mandy Kenneford,62,cthurlowv@tinypic.com,China,,8933.86,1/13/2021,Product C,Cicely Thurlow
33,Khalil Jura,66,hmolesw@ft.com,China,,3429.47,5/22/2020,Product A,Hedy Moles
34,Shurwood Orriss,42,kweatherburnx@sciencedirect.com,Sweden,121 29,2668.56,2/20/2020,Product B,Kerianne Weatherburn
35,Frederic Sorsby,44,medgellery@angelfire.com,Poland,27-552,5196.9,3/23/2021,Product B,Marja Edgeller
36,Elizabeth Razzell,28,adenisyukz@google.com.hk,Belarus,,5753.95,5/2/2021,Product A,Alejandro Denisyuk
37,Molly Loidl,44,bgreste10@surveymonkey.com,Sudan,,3271.44,2/2/2021,Product B,Buddy Greste
38,Selie Stembridge,29,gmoretto11@twitter.com,Czech Republic,586 01,837.86,4/3/2020,Product A,Garrick Moretto
39,Rorie Hort,32,nmeco12@wikispaces.com,Argentina,4631,2540.0,3/23/2020,Product B,Noby Meco
40,Omero Seywood,31,cgrevatt13@fc2.com,Peru,,3460.79,1/17/2020,Product A,Cathrine Grevatt
41,Ab Schruurs,37,dpostles14@blogtalkradio.com,Ukraine,,2244.27,5/3/2020,Product A,Dugald Postles
42,Ernaline Ahrens,82,greolfo15@foxnews.com,China,,9013.49,7/16/2020,Product B,Glad Reolfo
43,Tarrance Toffler,60,jrichmont16@dagondesign.com,Argentina,5856,3507.19,11/26/2021,Product C,Jamil Richmont
44,Ofilia Cicchinelli,32,aoriel17@unblog.fr,Philippines,2003,3076.56,4/6/2020,Product C,Astra Oriel
45,Marcia Ardley,41,bburdge18@com.com,Tanzania,,2151.33,7/30/2020,Product B,Barbe Burdge
46,Judd Denidge,82,sdruce19@digg.com,France,44101 CEDEX 4,4089.3,5/16/2020,Product A,Salome Druce
47,Davine Barkess,74,dbugg1a@last.fm,Canada,V8C,5361.19,10/14/2021,Product B,Dino Bugg
48,Kessia Shreeve,38,rpentercost1b@accuweather.com,New Zealand,9845,6322.37,6/22/2020,Product C,Riobard Pentercost
49,Robinetta MacKnockiter,68,varington1c@miibeian.gov.cn,Czech Republic,289 14,9327.47,6/7/2021,Product B,Vale Arington
50,Rene Chorley,61,sslegg1d@bluehost.com,China,,8037.13,8/11/2020,Product C,Salvador Slegg
51,Hallie Heaffey,84,rredhouse1e@trellian.com,Czech Republic,407 61,2823.84,8/13/2020,Product C,Rosemarie Redhouse
52,Roobbie Heald,70,dlockwood1f@businessinsider.com,Japan,637-0404,26.1,2/3/2020,Product A,Dora Lockwood
53,Brandice Lansdown,55,pleving1g@tiny.cc,China,,9697.95,1/9/2020,Product B,Phoebe Leving
54,Sunshine Aldine,23,ghoggin1h@cbslocal.com,China,,8282.51,1/13/2020,Product C,Germain Hoggin
55,Skell Maccrea,65,esnailham1i@weebly.com,Nigeria,,5591.18,7/5/2021,Product B,Ellette Snailham
56,Elmer Hyam,62,dtrinbey1j@gizmodo.com,Afghanistan,,2694.5,5/4/2020,Product C,Davon Trinbey
57,Denis Ackwood,27,jbeckerleg1k@liveinternet.ru,Peru,,6937.04,11/23/2021,Product B,Jillene Beckerleg
58,Erroll Trengrove,85,hbridgement1l@nifty.com,Russia,674504,7246.36,4/3/2021,Product A,Herby Bridgement
59,Abagail Gaither,41,pbramford1m@diigo.com,Estonia,,9874.31,3/26/2021,Product C,Patti Bramford
60,Abran Stibbs,45,wcancelier1n@delicious.com,Philippines,7040,2296.18,11/1/2020,Product A,Willie Cancelier
61,Adore Gare,53,sbennellick1o@dropbox.com,Indonesia,,8521.4,7/30/2021,Product C,Sterling Bennellick
62,Amalita Aingell,27,kabbett1p@domainmarket.com,United States,60609,2630.64,12/9/2021,Product C,Kameko Abbett
63,Godiva Bunney,72,rblonfield1q@php.net,Brazil,48880-000,4426.22,5/9/2021,Product A,Robinson Blonfield
64,Cherye McRobb,64,eblackesland1r@skyrock.com,China,,544.89,11/15/2020,Product A,Eugenius Blackesland
65,Kirstyn Water,73,rbutler1s@microsoft.com,Portugal,3025-483,3868.83,11/16/2021,Product C,Rebecka Butler
66,Valentino Gayle,77,ccode1t@washington.edu,Yemen,,7144.53,5/7/2020,Product A,Chrissy Code
67,Estrella Miguel,79,brothert1u@columbia.edu,China,,7525.91,3/22/2021,Product B,Bradan Rothert
68,Nissy MacGruer,73,xspellacy1v@twitter.com,China,,1276.13,10/25/2020,Product B,Ximenez Spellacy
69,Kippy Ringer,27,rpeople1w@unesco.org,Poland,44-153,3429.05,2/24/2021,Product A,Rhoda People
70,Germaine Hulbert,46,dgrindell1x@free.fr,China,,2091.64,3/4/2021,Product C,Dorena Grindell
71,Nicki Dahl,41,lpatkin1y@xrea.com,China,,2389.04,10/27/2020,Product B,Lind Patkin
72,Moises Mashal,29,bdougal1z@networksolutions.com,Greece,,4013.11,1/8/2021,Product B,Broderic Dougal
73,Maryjane Ambrosini,77,rchataignier20@jalbum.net,Kenya,,7281.82,11/21/2021,Product C,Raychel Chataignier
74,Robby Shinefield,53,amorphey21@gizmodo.com,Russia,652900,2211.85,4/8/2020,Product A,Anstice Morphey
75,Aubrey McKaile,29,ecoslett22@google.co.jp,Iran,,9968.02,5/18/2020,Product A,Erma Coslett
76,Tremayne McTerry,33,lcadge23@mail.ru,Argentina,3515,2277.89,2/16/2020,Product A,Lilllie Cadge
77,Hillyer Marquet,52,abarnhart24@acquirethisname.com,China,,1888.83,8/18/2021,Product A,Adolf Barnhart
78,Isabelle Oxlee,24,mwooder25@accuweather.com,Greece,,9300.08,3/17/2020,Product B,Marlee Wooder
79,Rivalee Worsnop,76,mmoorman26@scribd.com,France,72080 CEDEX 9,2847.53,3/28/2021,Product C,Monti Moorman
80,Ibbie Pirozzi,33,bmurty27@naver.com,Indonesia,,6832.63,4/3/2020,Product A,Bentley Murty
81,Mischa Keeler,42,ithame28@va.gov,Indonesia,,3954.94,8/16/2020,Product A,Isidore Thame
82,Robin Rucklidge,50,jmatthew29@microsoft.com,Indonesia,,7176.41,2/4/2020,Product B,Jaclyn Matthew
83,Gerianna Parram,70,wleve2a@mashable.com,China,,2697.64,10/18/2020,Product A,Willard Leve
84,Kara Bartol,58,tpilgrim2b@gnu.org,Czech Republic,687 11,7735.42,6/16/2020,Product A,Tammie Pilgrim
85,Valenka Ellwood,71,rschinetti2c@yellowpages.com,China,,5876.74,6/30/2020,Product A,Robbert Schinetti
86,Violette Oosthout de Vree,71,shanhardt2d@artisteer.com,China,,3411.34,5/14/2021,Product A,Shel Hanhardt
87,Ly Matskevich,26,rboag2e@vkontakte.ru,China,,2887.53,3/16/2020,Product B,Rickey Boag
88,Heath Chaikovski,73,cwhapples2f@slashdot.org,Kenya,,4229.01,8/10/2020,Product A,Ceciley Whapples
89,Lucius Jermin,61,bpinkney2g@accuweather.com,Czech Republic,696 61,5170.96,2/10/2021,Product A,Bartolemo Pinkney
90,Florry Eveque,23,rsommerland2h@yelp.com,China,,1536.41,10/1/2020,Product A,Ranice Sommerland
91,Brande Keelin,32,nswetenham2i@cnn.com,Lithuania,86001,267.28,8/9/2021,Product B,Nikki Swetenham
92,Emmalynne Clendennen,55,hmaxwaile2j@webs.com,Indonesia,,3562.55,6/23/2020,Product A,Hailey Maxwaile
93,Daryl Gorrie,24,tbente2k@wisc.edu,Sweden,386 35,9526.92,5/28/2021,Product B,Theodoric Bente
94,Alvis Lingfoot,79,ccymper2l@vkontakte.ru,China,,4954.55,2/13/2020,Product B,Cristiano Cymper
95,Marlowe Stell,85,gcheers2m@disqus.com,Philippines,3802,5940.32,4/25/2020,Product B,Georgy Cheers
96,Karlene Illsley,70,cvigneron2n@vinaora.com,Bolivia,,522.4,2/26/2020,Product C,Costanza Vigneron
97,Guinna Dripps,55,bmagrannell2o@amazon.com,Brazil,35700-000,8667.38,4/30/2021,Product A,Boris Magrannell
98,Lexi Celier,43,cwimbridge2p@blogspot.com,Russia,396689,2070.67,12/15/2021,Product B,Cammi Wimbridge
99,Egon Brumfitt,37,kskewis2q@ocn.ne.jp,Czech Republic,288 02,8367.51,12/24/2021,Product A,Kandy Skewis
100,Pate Folkerd,21,rhailston2r@europa.eu,Malawi,,14.72,4/19/2021,Product C,Rebeka Hailston
101,Tobi Crockatt,59,myakuntsov2s@businessweek.com,Philippines,0950,9476.21,6/25/2021,Product C,Marci Yakuntsov
102,Wit Boeter,30,rbroadberrie2t@vk.com,China,,935.52,7/9/2021,Product C,Ruthie Broadberrie
103,Lizzie Maudson,30,mguymer2u@theatlantic.com,Poland,05-334,4223.46,4/27/2021,Product B,Marnia Guymer
104,Quintina Semaine,51,hperott2v@ucoz.com,China,,8245.67,4/26/2021,Product C,Hersch Perott
105,Cammy Van Eeden,70,dsaladine2w@webmd.com,China,,8928.89,4/14/2021,Product C,Darcie Saladine
106,Carissa Poltone,73,lswayland2x@blogspot.com,Indonesia,,5800.09,4/24/2021,Product A,Lynett Swayland
107,Ofelia Bradman,23,oocrowley2y@loc.gov,China,,7746.81,2/6/2021,Product C,Ogden O'Crowley
108,Renaldo Bavin,66,awelham2z@jugem.jp,France,50309 CEDEX,6200.26,11/1/2021,Product C,Almeta Welham
109,Peirce Grattan,64,dwilkowski30@amazon.co.jp,Afghanistan,,4809.16,11/3/2020,Product A,Daffi Wilkowski
110,Falkner Vallintine,67,hpinsent31@ucoz.com,Libya,,6651.38,11/8/2021,Product A,Hortensia Pinsent
111,Debi Follitt,28,msparrowe32@yale.edu,Portugal,2860-318,5365.86,5/30/2021,Product B,Mirabelle Sparrowe
112,Kristel Worton,52,pbudgeon33@angelfire.com,Montenegro,,3277.41,11/11/2020,Product B,Penni Budgeon
113,Boony De Domenico,76,mkinson34@nasa.gov,Russia,301086,6167.38,12/21/2020,Product B,Melvin Kinson
114,Ermina Whardley,51,jdalinder35@qq.com,France,92885 CEDEX 9,7313.24,6/23/2020,Product B,Joline Dalinder
115,Hewe Chatwin,73,kblampied36@fc2.com,China,,5061.48,6/30/2021,Product A,Kristan Blampied
116,Talya Longbone,62,pzannelli37@mediafire.com,Greece,,9213.19,12/13/2020,Product A,Prentice Zannelli
117,Hubey Kops,60,mkingsman38@state.tx.us,Philippines,4216,8643.25,5/31/2020,Product B,Micaela Kingsman
118,Karee Waeland,77,kvanichkin39@ucoz.com,Italy,84135,3914.54,10/22/2020,Product B,Ky Vanichkin
119,Anjanette Sawrey,66,sklampt3a@wikipedia.org,Philippines,3122,1026.38,9/10/2021,Product C,Scotty Klampt
120,Belinda Mozzi,29,kaltofts3b@examiner.com,China,,8153.75,8/6/2021,Product C,Karlie Altofts
121,Grove Dowd,25,ktarzey3c@huffingtonpost.com,Indonesia,,9818.37,12/21/2021,Product A,Karil Tarzey
122,Sal Adlington,46,gkruszelnicki3d@google.co.jp,Iran,,7498.73,1/12/2021,Product A,Gardie Kruszelnicki
123,Mada Stovin,44,cmacgillavery3e@nba.com,China,,8990.96,8/29/2020,Product C,Carmelia MacGillavery
124,Ange Blumfield,20,odaftor3f@sun.com,Guatemala,10016,4843.66,1/24/2020,Product C,Olympie Daftor
125,Bryant Kinloch,66,vwolfendell3g@typepad.com,Portugal,2845-487,4841.22,3/23/2021,Product A,Vincenty Wolfendell
126,Archaimbaud Das,34,sbyass3h@hexun.com,Afghanistan,,5478.42,7/18/2021,Product B,Stormi Byass
127,Janeta Floyd,49,gloges3i@photobucket.com,Peru,,7297.69,4/26/2021,Product C,Galen Loges
128,Broderic Folomkin,52,ezoppie3j@odnoklassniki.ru,China,,7207.25,12/23/2020,Product B,Elayne Zoppie
129,Wileen Sigart,62,alyptrit3k@stanford.edu,Mozambique,,4841.05,10/13/2021,Product A,Alidia Lyptrit
130,Agosto Kezourec,28,cbotton3l@seesaa.net,Angola,,9303.57,3/24/2021,Product A,Clementius Botton
131,Ginnifer Schlagman,68,wmackintosh3m@dion.ne.jp,Indonesia,,521.91,3/19/2021,Product C,Winifred MacKintosh
132,Kendricks Wayne,72,jgrayling3n@mozilla.org,France,17029 CEDEX 1,9153.21,2/3/2020,Product C,Johnath Grayling
133,Violet Greest,84,sgrigson3o@wordpress.com,China,,4559.4,8/20/2021,Product B,Scarlet Grigson
134,Wait Danihelka,71,gwarters3p@goo.gl,Czech Republic,696 05,4798.41,4/19/2021,Product A,Gilemette Warters
135,Isidoro Fewster,18,tkinchley3q@imgur.com,Japan,987-0121,2610.22,2/5/2020,Product A,Trixy Kinchley
136,Cacilia Inder,64,scabrara3r@whitehouse.gov,China,,64.95,6/24/2020,Product B,Sunny Cabrara
137,Annalee Whitmore,75,xliell3s@redcross.org,Indonesia,,880.53,1/20/2020,Product C,Xavier Liell
138,Teirtza Nealy,24,imicco3t@squidoo.com,Philippines,4508,9259.71,12/9/2021,Product B,Ike Micco
139,Ulrick Fitchett,33,jjanikowski3u@godaddy.com,Albania,,2412.27,12/29/2021,Product C,Jessalyn Janikowski
140,Flo Ringe,27,bcoulthurst3v@feedburner.com,Poland,26-660,3246.97,12/1/2020,Product C,Briana Coulthurst
141,Fernandina Milesop,77,rleavy3w@fema.gov,Syria,,3523.54,11/15/2021,Product B,Ree Leavy
142,Mylo Mallia,66,ebirdis3x@newsvine.com,Philippines,2727,6621.89,9/19/2020,Product C,Evered Birdis
143,Lindsay Enrigo,67,dchatain3y@google.co.uk,Indonesia,,7046.44,7/3/2021,Product B,Doti Chatain
144,Shane Pafford,53,aenderson3z@reverbnation.com,Mexico,38800,3934.56,1/11/2020,Product A,Aloise Enderson
145,Pate Baulch,28,mklimt40@dagondesign.com,Indonesia,,7774.01,10/13/2021,Product A,Merrie Klimt
146,Gardy Preedy,84,kbelliveau41@google.it,Russia,368608,7523.93,12/8/2020,Product C,Kordula Belliveau
147,Jere Cudihy,48,tvibert42@bbb.org,Ukraine,,4852.5,9/10/2020,Product B,Torie Vibert
148,Alick Paynes,25,hmorby43@e-recht24.de,Thailand,30190,9477.27,9/20/2020,Product B,Honor Morby
149,Mirna Franzman,82,rcamamill44@dot.gov,Indonesia,,8701.87,9/5/2020,Product B,Romain Camamill
150,Mychal Daubney,46,eaveling45@mashable.com,Brazil,45650-000,953.4,8/12/2020,Product A,Edythe Aveling
151,Magda Geistbeck,20,kkornas46@cdc.gov,Greece,,7155.91,6/30/2020,Product C,Kym Kornas
152,Shelley McMylor,48,ledinburgh47@t.co,Canada,J1K,7410.02,4/1/2021,Product C,Lorene Edinburgh
153,Wolf Waudby,76,byallowley48@cbslocal.com,Poland,64-733,3677.97,10/14/2020,Product C,Berthe Yallowley
154,Michaelina Kollatsch,48,fbernardin49@abc.net.au,American Samoa,96799,1666.34,6/8/2021,Product C,Florrie Bernardin
155,Sidney Berlin,74,aespinas4a@vinaora.com,Croatia,51253,5130.5,1/25/2021,Product C,Angelique Espinas
156,Lanna Harrisson,65,btowers4b@1688.com,Russia,347612,3889.02,6/18/2020,Product B,Bernardo Towers
157,Mill Pien,61,pclair4c@twitter.com,Estonia,,1410.82,7/8/2020,Product A,Pat Clair
158,Viviene Lead,47,rhalford4d@nymag.com,China,,3369.84,5/8/2021,Product A,Rorke Halford
159,Antoinette Houten,55,stristram4e@csmonitor.com,China,,7749.48,8/27/2021,Product C,Sheila-kathryn Tristram
160,Tersina Orsay,64,hpauls4f@washington.edu,United States,48335,2361.18,8/8/2020,Product A,Hussein Pauls
161,Si Yves,29,tdives4g@godaddy.com,China,,420.13,3/6/2021,Product A,Thaddeus Dives
162,Barbra Marcinkus,82,mmoffat4h@elpais.com,Italy,10141,8103.28,7/23/2020,Product B,Milton Moffat
163,Kin Nijs,66,tweatherup4i@un.org,Namibia,,9443.36,9/30/2021,Product A,Thorny Weatherup
164,Bryn de Cullip,37,atoun4j@php.net,Indonesia,,4715.65,12/19/2020,Product B,Andriana Toun
165,Allie Turville,83,oclimance4k@amazon.com,China,,2443.17,6/8/2020,Product A,Ogdon Climance
166,Gasper Edelmann,78,edeverille4l@oaic.gov.au,France,42021 CEDEX 1,5347.99,11/20/2020,Product A,Edin Deverille
167,Kelcie Barter,37,kglinde4m@nba.com,Indonesia,,2231.51,3/11/2021,Product C,Katha Glinde
168,Ludvig Goldsberry,28,jdomerq4n@ucla.edu,Iran,,7421.23,5/20/2020,Product B,Jakie Domerq
169,Ayn Coetzee,20,dvanlint4o@blogger.com,Indonesia,,6673.61,6/15/2021,Product C,Delphine Vanlint
170,Briney Tash,85,lmartusov4p@chron.com,Malta,ZBG,8448.28,4/22/2020,Product B,Lauralee Martusov
171,Palmer Arnefield,50,skearey4q@jugem.jp,Serbia,,7768.55,6/27/2021,Product A,Sayer Kearey
172,Miltie Betjes,24,rtoor4r@hp.com,Jamaica,,2097.96,12/31/2020,Product B,Reider Toor
173,Keslie Barge,50,aarnholz4s@artisteer.com,Portugal,8200-005,6331.24,1/6/2020,Product B,Alvie Arnholz
174,Allis Cattermole,43,lhollingshead4t@ow.ly,France,84977 CEDEX,379.5,6/17/2020,Product C,Lynnet Hollingshead
175,Analise Shillabeare,28,bsignore4u@latimes.com,Namibia,,3850.16,12/6/2021,Product C,Burg Signore
176,Xena Taylerson,21,rchastel4v@pagesperso-orange.fr,Sweden,602 09,2495.18,4/7/2021,Product A,Ravid Chastel
177,Barrie McEntee,22,gfranzetti4w@guardian.co.uk,Brazil,79260-000,7987.71,5/23/2021,Product B,Gypsy Franzetti
178,Samantha Gravy,44,cdyball4x@home.pl,Sweden,141 21,5458.36,7/21/2021,Product A,Carline Dyball
179,Hollis Hinder,60,rmessham4y@google.co.uk,Portugal,2785-041,5846.28,2/18/2020,Product A,Rogerio Messham
180,Lorine Harteley,60,ddinnage4z@nymag.com,Philippines,1060,5284.71,12/5/2021,Product C,Dame Dinnage
181,Valentine Bernardotte,57,bkeach50@fda.gov,Panama,,7147.67,1/23/2020,Product A,Barby Keach
182,Darrel Creasy,54,kseabridge51@telegraph.co.uk,Panama,,7667.74,1/24/2021,Product B,Karlene Seabridge
183,Vida Gemlbett,75,jpack52@tmall.com,China,,788.21,9/15/2020,Product C,Julie Pack
184,Olva Coakley,32,lhebbs53@eventbrite.com,Portugal,4815-668,3332.83,7/14/2020,Product C,Lucia Hebbs
185,Carma Letterese,32,gpeyro54@bbc.co.uk,Indonesia,,9325.17,8/13/2020,Product C,Georges Peyro
186,Bill Starr,66,astook55@gov.uk,Benin,,7635.87,6/21/2021,Product A,Alix Stook
187,Orelle Baptist,54,tcotes56@irs.gov,China,,4897.73,5/21/2021,Product B,Tedi Cotes
188,Nevin Josovitz,65,mbresland57@irs.gov,Macedonia,1225,1146.31,9/24/2021,Product C,Maynord Bresland
189,Chase Thaw,70,agarratt58@wufoo.com,France,85109 CEDEX,3957.33,9/9/2021,Product B,Aggie Garratt
190,Pearce Mansford,46,shaswell59@wikispaces.com,Mauritania,,789.35,1/22/2020,Product C,Sharla Haswell
191,Hillary Timbs,66,cboik5a@jiathis.com,Norway,6405,8592.75,4/2/2020,Product A,Cristobal Boik
192,Galvan Curtain,35,dsiward5b@unicef.org,China,,7054.04,9/4/2021,Product B,Dewitt Siward
193,Marcelia Curm,63,cmathiasen5c@oracle.com,Sweden,121 36,2974.54,9/24/2020,Product C,Chelsae Mathiasen
194,Zacharie Symon,47,tcrowcum5d@gov.uk,Mexico,51009,5547.79,11/10/2021,Product A,Titus Crowcum
195,Cord Collings,24,mchastan5e@hao123.com,China,,9959.83,9/29/2021,Product A,Magda Chastan
196,Jacquetta Phillpot,48,ltidbald5f@cmu.edu,China,,3764.28,5/27/2021,Product B,Lori Tidbald
197,Letty Spinige,69,mslyvester5g@sogou.com,China,,7234.91,7/30/2020,Product A,Mortimer Slyvester
198,Scarlet Blucher,30,cmcparland5h@huffingtonpost.com,Greece,,4072.99,12/1/2020,Product C,Chad McParland
199,Samara Meeus,25,jbaldery5i@w3.org,Tunisia,,7212.76,11/29/2021,Product C,June Baldery
200,Sarajane Brayne,27,cwhimpenny5j@dedecms.com,China,,3333.7,9/7/2021,Product B,Cynthy Whimpenny
201,Ella Tulley,44,asimoes5k@webmd.com,Poland,63-435,6463.09,11/7/2020,Product B,Agnola Simoes
202,Gavra Svanetti,26,msellick5l@biblegateway.com,Greece,,2781.06,9/12/2020,Product A,Marion Sellick
203,Paxton Murrock,66,svagges5m@tuttocitta.it,Russia,143969,8332.6,11/25/2021,Product B,Susy Vagges
204,Moshe Fincham,31,sashton5n@constantcontact.com,Canada,J6W,3988.15,8/17/2020,Product A,Shanta Ashton
205,Cord Stoyles,57,gklima5o@elegantthemes.com,Philippines,8403,1745.19,11/1/2020,Product B,Georgie Klima
206,Mathilda Gatus,39,mdaintry5p@salon.com,Poland,05-806,1681.83,3/31/2021,Product B,Mace Daintry
207,Richie Van de Castele,81,warchard5q@marriott.com,Argentina,4000,627.06,10/23/2021,Product C,Wynn Archard
208,Trey Bowell,46,gsackur5r@geocities.com,Indonesia,,5161.19,2/27/2020,Product C,Giacomo Sackur
209,Raimondo Sebrook,33,lsyfax5s@desdev.cn,China,,2326.45,12/29/2021,Product A,Lulita Syfax
210,Dayle Doxey,53,rlombardo5t@cafepress.com,Argentina,3540,2672.95,9/15/2021,Product C,Reine Lombardo
211,Felicle Rash,45,zguilloux5u@istockphoto.com,Jamaica,,6028.69,4/7/2021,Product C,Zondra Guilloux
212,Tamarra Stroton,65,eesome5v@pcworld.com,China,,7959.28,10/4/2021,Product C,Emlen Esome
213,Tillie Quantrell,45,rrozsa5w@dyndns.org,Russia,624082,456.76,7/25/2020,Product C,Roosevelt Rozsa
214,Olenka Lemmers,60,ffransinelli5x@facebook.com,Samoa,,922.26,5/19/2020,Product C,Franky Fransinelli
215,Kevin Berwick,21,ginfantino5y@de.vu,Indonesia,,3248.15,3/11/2021,Product A,Glennis Infantino
216,Nat Halle,81,creinbach5z@ed.gov,China,,6158.98,2/3/2021,Product C,Connie Reinbach
217,Herbie Whaley,30,jmariot60@ning.com,Brazil,88545-000,7732.76,8/4/2021,Product A,Joleen Mariot
218,Nonah Bentz,38,lmoen61@jiathis.com,Japan,503-1305,9747.89,7/7/2021,Product A,Linea Moen
219,Kermit Virr,32,mbanister62@prnewswire.com,Portugal,4710-627,3202.11,11/13/2021,Product B,Mable Banister
220,Kaela Puleque,78,ddade63@eventbrite.com,China,,4138.33,2/9/2021,Product B,Dorie Dade
221,Timmie Crombie,59,mdorin64@aboutads.info,Russia,352547,713.6,8/1/2020,Product A,Mathian Dorin
222,Gualterio Connolly,36,qsambeck65@phoca.cz,China,,8523.62,2/16/2020,Product A,Queenie Sambeck
223,Stanford Tavernor,82,alockhurst66@elegantthemes.com,China,,9453.57,11/5/2021,Product B,Ariana Lockhurst
224,Cherianne Butland,70,gludvigsen67@privacy.gov.au,Peru,,9291.34,6/13/2020,Product A,Gordon Ludvigsen
225,Anet Baszkiewicz,58,wpelchat68@indiatimes.com,China,,7243.18,1/14/2020,Product B,Willamina Pelchat
226,Debbie Antoniak,47,rneller69@google.pl,United States,85072,420.37,7/25/2020,Product B,Ronna Neller
227,Cinnamon Enderle,28,fgyurkovics6a@arstechnica.com,Canada,G6G,8806.87,3/11/2020,Product B,Fraser Gyurkovics
228,Hamilton Kauschke,36,ssimes6b@macromedia.com,Czech Republic,407 25,5338.47,5/5/2021,Product B,Sallie Simes
229,Lionello Cosslett,30,ocoppo6c@blog.com,Philippines,9500,824.16,11/17/2021,Product C,Orren Coppo
230,Fifine Keepe,52,wrichings6d@instagram.com,Netherlands,6709,5744.17,12/9/2021,Product B,Wileen Richings
231,Rollo Whitney,22,mjime6e@oakley.com,China,,9177.7,2/26/2021,Product C,Mureil Jime
232,Nanete Rodger,74,pkittredge6f@google.com.br,Indonesia,,4936.49,6/9/2021,Product A,Pamelina Kittredge
233,Brendon Balmforth,43,slumbly6g@quantcast.com,Indonesia,,8778.19,4/28/2021,Product C,Skippy Lumbly
234,Daile Firminger,35,fblackie6h@shutterfly.com,Afghanistan,,2930.32,5/7/2021,Product C,Flora Blackie
235,Maryrose Archambault,66,ewille6i@wunderground.com,China,,389.42,4/9/2020,Product C,Elise Wille
236,Gawen Stobie,79,bcarlett6j@yale.edu,Russia,357128,946.54,7/7/2021,Product B,Brandea Carlett
237,Ad Mohan,37,mjobke6k@sbwire.com,Slovenia,2283,5137.12,2/19/2021,Product A,Marcie Jobke
238,Saxon Thewlis,63,icuel6l@merriam-webster.com,Indonesia,,4226.44,1/21/2021,Product A,Isadore Cuel
239,Stacee Rigby,83,arodbourne6m@columbia.edu,Dominican Republic,11904,9498.84,8/6/2021,Product C,Aaron Rodbourne
240,Jillana Benneton,18,mruvel6n@auda.org.au,China,,2877.26,12/12/2021,Product B,Melitta Ruvel
241,Frederique Czaple,59,wfalkingham6o@free.fr,Croatia,51000,2853.56,12/31/2020,Product A,Warren Falkingham
242,Avril Laydon,74,pcowterd6p@apple.com,Brazil,62580-000,5489.86,10/7/2021,Product A,Perren Cowterd
243,Babs Alvy,30,bmacgillespie6q@jalbum.net,Vietnam,,1697.31,9/2/2021,Product B,Blythe MacGillespie
244,Winny Meneo,81,ogalton6r@unicef.org,Indonesia,,748.76,6/26/2021,Product B,Orv Galton
245,Dodi Sharer,30,zzsa6s@ezinearticles.com,Peru,,2669.13,6/21/2021,Product A,Zsa zsa Spoure
246,Tyne Shorton,19,bgrzelczak6t@opensource.org,Philippines,8118,5227.06,3/7/2020,Product B,Betty Grzelczak
247,Martina Rammell,46,atremellier6u@businessinsider.com,China,,9546.94,7/20/2020,Product A,Austin Tremellier
248,Thatcher Alenov,65,apirrone6v@weebly.com,China,,9636.09,6/3/2020,Product A,Aubine Pirrone
249,Melodie Watterson,49,dlanghorn6w@imgur.com,China,,5673.12,5/5/2020,Product B,Devinne Langhorn
250,Vinson Divis,84,earkil6x@spiegel.de,Indonesia,,5601.47,2/2/2020,Product B,Else Arkil
251,Pattin Bratty,74,ppaine6y@latimes.com,Philippines,1106,1817.09,7/5/2021,Product B,Pepi Paine
252,Marylee Nicholson,35,mbenedetti6z@flickr.com,United States,53405,2156.9,3/13/2021,Product A,Mariejeanne Benedetti
253,Dulcinea Skitt,48,bcasini70@csmonitor.com,China,,629.28,4/6/2020,Product B,Burch Casini
254,Granger Rousell,40,aveschambre71@about.me,China,,3754.75,11/23/2020,Product B,Abner Veschambre
255,Jarret Santore,65,pscneider72@dmoz.org,Venezuela,,3027.73,4/12/2021,Product C,Pierrette Scneider
256,Linoel Hollingsbee,32,apyson73@phoca.cz,China,,4973.21,12/6/2020,Product A,Abelard Pyson
257,Danny Ivanishchev,59,emundford74@purevolume.com,China,,1041.95,2/5/2020,Product A,Elora Mundford
258,Rochell Lownds,80,rbassingham75@dell.com,Dominican Republic,11204,8883.84,9/10/2020,Product C,Rolf Bassingham
259,Mal Fazan,40,theatlie76@plala.or.jp,Bangladesh,3723,9687.95,7/2/2020,Product A,Thomasine Heatlie
260,Dietrich Bowry,38,dviner77@apple.com,Philippines,2504,7556.36,4/26/2021,Product A,Donn Viner
261,Judd Levens,40,mcalladine78@foxnews.com,China,,3015.64,8/14/2020,Product A,Maxwell Calladine
262,Mahmud Tweddle,46,bashbridge79@cornell.edu,China,,5041.52,8/5/2020,Product A,Birk Ashbridge
263,Dougy Thrasher,20,ajasper7a@photobucket.com,Indonesia,,3702.53,7/7/2021,Product B,Anson Jasper
264,Dulcea Warwick,72,vrevey7b@mtv.com,Japan,919-0201,1420.1,5/16/2020,Product A,Valentine Revey
265,Tricia Boays,39,tgreave7c@bandcamp.com,China,,2295.47,6/14/2020,Product A,Timmy Greave
266,Gil Sinnocke,49,pcordell7d@reverbnation.com,Greece,,5888.73,9/9/2021,Product A,Pace Cordell
267,Dani July,27,hmichel7e@omniture.com,Serbia,,2480.82,11/7/2020,Product C,Haslett Michel
268,Tressa Kharchinski,37,mfitzhenry7f@elpais.com,Indonesia,,3051.94,7/10/2021,Product C,Minta Fitzhenry
269,Meggi Tarpey,57,awinsper7g@theatlantic.com,China,,278.93,10/9/2020,Product B,Anabel Winsper
270,Meridel Sebert,46,xfawlo7h@quantcast.com,Indonesia,,6140.58,9/18/2020,Product A,Xylia Fawlo
271,Zebadiah Brotherheed,54,sfigliovanni7i@chron.com,Netherlands,1804,7812.1,12/24/2020,Product C,Sam Figliovanni
272,Peg Pilcher,67,jmollin7j@salon.com,Portugal,2695-584,6351.69,1/15/2020,Product C,Joshia Mollin
273,Saba Ketchaside,70,mmordin7k@google.com.au,Azerbaijan,,1722.04,3/7/2020,Product C,Matteo Mordin
274,Em Favill,55,jmanueau7l@huffingtonpost.com,Greece,,85.59,1/3/2021,Product B,Julietta Manueau
275,Charo Formie,71,wrew7m@mit.edu,Greece,,3536.12,1/10/2021,Product C,Wendye Rew
276,Frederic Fairfoull,66,bgoodby7n@tumblr.com,Russia,171053,9026.54,3/13/2020,Product C,Boyce Goodby
277,Sigfrid Gouldie,65,mrobbings7o@cbc.ca,Ireland,R32,6483.48,9/14/2020,Product B,Merrel Robbings
278,Pepito Jedrys,82,mdransfield7p@360.cn,Israel,,4843.29,7/8/2020,Product A,Moritz Dransfield
279,Edwin Hollingsby,82,sorgan7q@reddit.com,Egypt,,2450.26,11/22/2021,Product B,Sholom Organ
280,Selia Vondruska,23,cbutfield7r@dailymail.co.uk,China,,2785.56,6/4/2020,Product C,Cherida Butfield
281,Cassaundra Monnery,47,aegle7s@gravatar.com,China,,2100.78,3/24/2021,Product A,Augie Egle
282,Kally Annear,50,pbonds7t@hp.com,China,,2627.08,10/7/2021,Product A,Prinz Bonds
283,Otes Afield,58,hmatthai7u@symantec.com,Pakistan,39250,4141.46,7/24/2021,Product C,Harriette Matthai
284,Sly Noone,52,hsutherley7v@uiuc.edu,Armenia,,6428.18,2/10/2021,Product C,Helen Sutherley
285,Arlie Galero,45,cfranies7w@fotki.com,Indonesia,,8558.4,2/22/2020,Product C,Clarke Franies
286,Cary Kivits,22,asnazel7x@techcrunch.com,Indonesia,,7880.88,11/1/2020,Product A,Austin Snazel
287,Daria Dellenbrok,54,soleshunin7y@washingtonpost.com,China,,2555.58,4/8/2021,Product C,Sharla Oleshunin
288,Nollie Watford,65,mcutmare7z@joomla.org,China,,1264.92,6/22/2021,Product B,Margareta Cutmare
289,Barbe Exer,27,apeche80@google.es,Bosnia and Herzegovina,,2878.97,7/7/2021,Product C,Aileen Peche
290,Cordelie Ruste,34,aellwell81@lycos.com,Norway,6517,9904.12,10/7/2021,Product A,Angelle Ellwell
291,Audre Kullmann,65,cspringle82@google.de,Mongolia,,4861.31,7/22/2021,Product C,Celle Springle
292,Emile Ferres,51,stoderi83@arstechnica.com,France,91948 CEDEX,9966.9,12/24/2020,Product B,Sayre Toderi
293,Donnie Yosselevitch,28,jmatyukon84@independent.co.uk,Indonesia,,2182.78,1/7/2021,Product A,Johnathon Matyukon
294,Rebecca Bouldstridge,82,sbellinger85@wiley.com,Russia,394080,5132.85,12/20/2021,Product A,Sharla Bellinger
295,Irena Darque,80,ade86@dropbox.com,Tajikistan,,2538.14,9/2/2021,Product C,Ardyce De Courtney
296,Silvain Steffan,62,kgosnall87@hexun.com,China,,4722.74,10/20/2020,Product C,Kelley Gosnall
297,Nadine Ainslee,57,agregoli88@imgur.com,Philippines,4508,3249.93,4/28/2021,Product B,Arnoldo Gregoli
298,Ivonne Martine,59,cgrattan89@pen.io,Brazil,29560-000,2389.14,8/30/2021,Product A,Chad Grattan
299,Gaynor Rilston,33,pingleson8a@digg.com,Finland,73201,4541.6,5/18/2021,Product B,Perceval Ingleson
300,Eb Janecki,80,mbunclark8b@chronoengine.com,Poland,96-201,3999.06,6/17/2020,Product B,Michaella Bunclark
301,Filmore Pawson,23,tlearmond8c@edublogs.org,Mauritius,,9180.89,7/30/2021,Product B,Thibaut Learmond
302,Isidor Moncarr,34,dbispo8d@rakuten.co.jp,Netherlands,5244,7236.45,4/7/2021,Product C,Dell Bispo
303,Waneta Danit,82,rlearman8e@vistaprint.com,Indonesia,,4751.92,4/24/2021,Product C,Raymond Learman
304,Virgie Helin,30,spenkethman8f@shinystat.com,Bulgaria,6710,5356.69,10/12/2021,Product C,Sibylle Penkethman
305,Minetta Issacov,36,arizon8g@house.gov,Argentina,8318,3108.88,8/29/2021,Product A,Adrianna Rizon
306,Elga Doswell,65,dcornelissen8h@photobucket.com,Philippines,2920,8875.11,7/6/2021,Product C,Donna Cornelissen
307,Massimo Towe,59,dwoolforde8i@freewebs.com,Indonesia,,3367.07,1/16/2021,Product A,Dieter Woolforde
308,Horacio Cambridge,38,apurches8j@engadget.com,China,,9872.2,11/2/2021,Product A,Avis Purches
309,Karylin Lukock,28,bshevlane8k@bluehost.com,China,,5057.55,1/28/2021,Product C,Basia Shevlane
310,Arlin Fildery,83,bgilbody8l@addtoany.com,Japan,859-0416,7786.38,4/20/2021,Product C,Bili Gilbody
311,Clevie Blackden,47,sgregoratti8m@cnbc.com,Canada,S4X,6068.31,3/5/2020,Product B,Sancho Gregoratti
312,Wendel Eldred,72,syesipov8n@facebook.com,Indonesia,,2985.91,8/22/2021,Product B,Stefan Yesipov
313,Olenka Penddreth,69,pclose8o@nasa.gov,Nigeria,,2543.88,5/27/2020,Product A,Patty Close
314,Lacey Heinzel,27,dcass8p@latimes.com,Russia,671712,883.18,5/19/2020,Product A,Daune Cass
315,Ilyse Narey,79,lbarbrook8q@alibaba.com,Thailand,80140,1179.37,7/25/2020,Product B,Laurence Barbrook
316,Nigel Feacham,51,jbrettell8r@linkedin.com,Russia,301767,4135.79,4/18/2020,Product C,Joane Brettell
317,Mandel Howton,75,zdosdell8s@java.com,Mexico,40030,6633.68,10/18/2020,Product A,Zarla Dosdell
318,Francklyn Featherstonhalgh,64,winworth8t@washingtonpost.com,China,,9647.86,8/4/2020,Product A,Wilton Inworth
319,Susana Halms,69,rwhitelock8u@goo.ne.jp,China,,2112.09,12/20/2021,Product A,Riane Whitelock
320,Nicola Fogt,64,sgutteridge8v@barnesandnoble.com,Azerbaijan,,6170.45,6/28/2020,Product C,Sargent Gutteridge
321,Neila Loftin,47,kvuitton8w@exblog.jp,Tanzania,,6502.73,3/10/2020,Product B,Karol Vuitton
322,Freda Reece,53,lpraten8x@harvard.edu,Russia,601120,2200.23,12/11/2021,Product A,Leena Praten
323,Angil Chillistone,27,iwarn8y@answers.com,Philippines,1235,5744.02,3/17/2021,Product C,Iosep Warn
324,Sauveur Larrington,54,ptrinkwon8z@phoca.cz,Indonesia,,7845.74,1/22/2020,Product C,Phillipp Trinkwon
325,Gayler Lawles,52,kubach90@pagesperso-orange.fr,China,,1431.88,3/24/2021,Product A,Kristal Ubach
326,Marlin Tesauro,68,gnorkutt91@creativecommons.org,South Korea,,4884.92,1/10/2020,Product A,Gerladina Norkutt
327,Gilberta McGinny,80,cbygrave92@imgur.com,Nigeria,,7804.3,8/8/2020,Product A,Conan Bygrave
328,Wainwright Lestor,66,hkinforth93@google.de,Russia,659434,444.81,8/10/2021,Product B,Hagen Kinforth
329,Enrika Ventham,46,jplacstone94@sohu.com,United States,32835,7931.71,11/2/2021,Product A,Jacynth Placstone
330,Reinhold Bazire,82,bdi95@shareasale.com,Russia,141540,3865.84,10/30/2020,Product C,Bridie Di Nisco
331,Frants Hriinchenko,32,rbridell96@mapquest.com,Iceland,190,2225.0,3/7/2020,Product A,Ronica Bridell
332,Dodie Fookes,63,tsalack97@jigsy.com,Croatia,32010,1503.59,6/23/2020,Product A,Tamarah Salack
333,Dulcy Youd,44,mventura98@nymag.com,Jordan,,5026.69,8/12/2020,Product C,Mellisent Ventura
334,Charmain Hedlestone,18,dbuckingham99@prlog.org,Sweden,853 56,9863.5,9/11/2021,Product C,Deeyn Buckingham
335,Willie Pavluk,46,ajervis9a@diigo.com,China,,1200.83,12/1/2021,Product A,Alfonse Jervis
336,Ruthie Froment,55,bguise9b@gov.uk,China,,2613.03,12/12/2020,Product B,Berny Guise
337,Ezmeralda D'Onise,75,lelmar9c@msu.edu,China,,3524.9,11/8/2021,Product A,Loree Elmar
338,Gnni Ilsley,66,rbraban9d@paginegialle.it,Barbados,,1584.82,11/26/2020,Product C,Rodrique Braban
339,Ripley Jeanin,71,scammish9e@cdbaby.com,Tanzania,,7356.0,3/11/2021,Product A,Stephanie Cammish
340,Jarrid McCanny,24,nluebbert9f@biglobe.ne.jp,Chile,,9751.58,11/3/2020,Product C,Nertie Luebbert
341,Sephira Tax,72,vrangell9g@tumblr.com,Haiti,,655.95,6/30/2020,Product B,Vanya Rangell
342,Jaymie Dougary,59,hgowdridge9h@japanpost.jp,Japan,879-0444,1400.48,9/7/2020,Product A,Hortense Gowdridge
343,Aimee Salazar,18,tlithgow9i@hexun.com,Portugal,4910-060,6169.9,2/27/2021,Product B,Thayne Lithgow
344,Harli Francesco,48,mschlagtmans9j@altervista.org,Japan,879-2413,5527.45,8/9/2021,Product B,Meridith Schlagtmans
345,Sholom Plumridge,40,pmccuthais9k@multiply.com,Brazil,09900-000,8142.58,2/24/2021,Product C,Pier McCuthais
346,Axel Turbern,35,sshaw9l@sourceforge.net,Spain,02005,7595.18,6/5/2020,Product C,Silvana Shaw
347,Nobe Smogur,18,ltammadge9m@epa.gov,Ecuador,,2001.53,10/25/2020,Product C,Lazare Tammadge
348,Daryl Enrique,45,kcahalan9n@skyrock.com,China,,8984.35,5/8/2021,Product C,Karlee Cahalan
349,Katya Gatrell,68,wlillistone9o@webeden.co.uk,Bangladesh,4355,6882.74,7/30/2020,Product A,Wilmer Lillistone
350,Kacie Batchelor,58,rcossam9p@ucoz.ru,Croatia,21465,9528.89,10/27/2020,Product B,Rosmunda Cossam
351,Milly Deporte,44,coverlow9q@cdc.gov,China,,8826.67,8/31/2020,Product B,Cassondra Overlow
352,Codee Maly,22,lterrelly9r@techcrunch.com,Russia,659690,5175.93,5/4/2021,Product B,Logan Terrelly
353,Emmott Rountree,34,kgambles9s@earthlink.net,American Samoa,96799,6713.78,9/18/2020,Product A,Kaja Gambles
354,Chloe Toffalo,82,draw9t@technorati.com,Russia,307740,6075.15,8/19/2020,Product A,Drucy Raw
355,Tomasina Dozdill,67,smcgaraghan9u@goo.ne.jp,Cuba,,1317.74,6/11/2020,Product A,Sibby McGaraghan
356,Marta Freckingham,66,eskaid9v@washingtonpost.com,Indonesia,,8741.72,4/6/2021,Product A,Emmalyn Skaid
357,Vevay Bradnocke,73,bknevett9w@who.int,Uganda,,7477.13,4/1/2020,Product A,Bili Knevett
358,Max Haddleton,34,gseawright9x@wikimedia.org,China,,6523.19,12/11/2021,Product B,Gayel Seawright
359,Ricki Nornable,55,rbottleson9y@noaa.gov,Czech Republic,503 51,3152.36,12/4/2021,Product B,Rorke Bottleson
360,Cortney Brindley,52,lpimlock9z@redcross.org,Russia,649193,6831.98,10/31/2020,Product A,Lexis Pimlock
361,Torrey Shimony,35,lhowgatea0@networkadvertising.org,Philippines,8416,7720.95,6/22/2021,Product C,Lane Howgate
362,Mala Repp,85,tcoattsa1@nbcnews.com,Argentina,3342,9929.3,12/12/2021,Product A,Tadeas Coatts
363,Nick Ballinger,55,cisacssona2@shareasale.com,Yemen,,1937.36,2/28/2020,Product B,Clayton Isacsson
364,Rance Stickel,73,klermita3@google.nl,Canada,K2H,4178.81,7/28/2021,Product B,Kate Lermit
365,Shelly MacKomb,66,gpitsona4@washingtonpost.com,Greece,,9912.34,9/25/2021,Product C,George Pitson
366,Coreen Gatcliff,73,spoylea5@nymag.com,Indonesia,,6407.23,9/12/2021,Product C,Shermy Poyle
367,Renato Sultana,38,jknightlya6@angelfire.com,Indonesia,,8820.97,7/22/2020,Product C,Jorry Knightly
368,Ichabod Swadon,64,lclemmetta7@china.com.cn,Madagascar,,224.94,5/20/2021,Product B,Leonelle Clemmett
369,Imelda Pardue,43,fdallossoa8@elegantthemes.com,Israel,,9170.28,10/13/2020,Product B,Fawn Dallosso
370,Lorenzo Fidelus,49,klummusa9@scribd.com,Kazakhstan,,9203.64,12/18/2020,Product B,Kirsteni Lummus
371,Jammie Hove,36,edesantisaa@state.tx.us,China,,6636.17,6/16/2020,Product A,Elga Desantis
372,Godiva MacCarter,46,lkenchingtonab@house.gov,Brazil,65975-000,5531.91,11/27/2021,Product C,Lezley Kenchington
373,Sherwood Kimberly,51,cwrathmellac@cpanel.net,Tajikistan,,570.77,1/22/2021,Product B,Crin Wrathmell
374,Beverly McLardie,22,gbattmanad@xing.com,China,,9663.84,5/30/2021,Product C,Garrard Battman
375,Georgette Alcock,19,fmyrieae@fda.gov,Chile,,3730.32,9/7/2020,Product A,Feodora Myrie
376,Michaelina Terram,24,cbonseyaf@360.cn,Israel,,1809.73,12/11/2021,Product B,Codee Bonsey
377,Alys Mayoral,32,scathelag@delicious.com,Israel,,7202.71,7/15/2021,Product C,Salome Cathel
378,Ted Cadreman,41,fmcalarneyah@dailymail.co.uk,Argentina,5212,1657.05,11/29/2020,Product C,Falkner McAlarney
379,Andrey Asche,49,ncasseyai@senate.gov,Indonesia,,7676.38,7/27/2021,Product C,Nerty Cassey
380,Sergei Heyward,68,bskirvingaj@statcounter.com,South Africa,9787,5872.46,11/29/2021,Product C,Brit Skirving
381,Gaultiero Greenland,61,rblainak@youku.com,Mongolia,,8686.83,1/18/2020,Product C,Rodrick Blain
382,Abbe McWhannel,56,ddomicanal@networksolutions.com,China,,3833.42,8/25/2021,Product C,Donall Domican
383,Genevieve Bowlas,19,acannonam@chicagotribune.com,Thailand,10240,4062.39,11/27/2020,Product B,Ami Cannon
384,Zedekiah Sepey,59,tantoniottiian@wiley.com,Poland,98-235,4052.33,7/23/2021,Product C,Timothy Antoniottii
385,Olly Chrestien,71,gjacobsenao@ehow.com,Indonesia,,9912.86,12/21/2020,Product C,Georgeanna Jacobsen
386,Sharron Floch,27,nbickmoreap@wiley.com,Kenya,,1269.1,12/7/2020,Product C,Nickola Bickmore
387,Josey Geikie,68,smartijnaq@pbs.org,Thailand,20150,9157.62,8/9/2020,Product C,Saunder Martijn
388,Ilise Plunkett,39,ckubisar@pagesperso-orange.fr,Russia,614543,3831.07,5/26/2020,Product C,Colman Kubis
389,Ruperta Glendzer,65,jreggleras@w3.org,Costa Rica,10802,338.13,5/7/2020,Product C,Jessica Reggler
390,Ninnette Mincher,47,cbloggat@biblegateway.com,Estonia,,8867.83,8/17/2020,Product C,Carmelita Blogg
391,Johnath Rivel,54,jwinsperau@tripod.com,Ethiopia,,2627.96,7/15/2021,Product B,Janine Winsper
392,Jameson MacCurtain,44,ghargeyav@microsoft.com,France,21030 CEDEX,6356.77,9/14/2020,Product A,Gun Hargey
393,Kile Pendock,22,bbolmannaw@dropbox.com,Brazil,98400-000,2078.89,6/11/2021,Product B,Bertrand Bolmann
394,Even Layne,55,llivezeyax@is.gd,Indonesia,,1426.75,10/22/2021,Product B,Laurena Livezey
395,Michael Hammett,55,abuessenay@ameblo.jp,Cuba,,4859.05,6/29/2021,Product B,Andrea Buessen
396,Marlee Grishanov,56,amourantaz@bloglines.com,Russia,157090,5305.72,7/25/2021,Product C,Ambrosio Mourant
397,Donavon MacPeice,60,hlyndb0@yelp.com,France,92004 CEDEX,8000.3,2/9/2021,Product B,Hilliard Lynd
398,Mariele Hourihane,34,gwinteringhamb1@51.la,Estonia,,8414.59,2/2/2021,Product B,Gloriane Winteringham
399,Ezmeralda Chatelain,75,kstennardb2@slate.com,China,,3994.37,8/17/2021,Product A,Kalina Stennard
400,Mac Overy,71,rpurshouseb3@ft.com,China,,7924.53,7/31/2021,Product A,Rozele Purshouse
401,Isahella Vidineev,33,btumpaneb4@bloglovin.com,Indonesia,,7706.34,4/9/2020,Product A,Betsy Tumpane
402,Merline Garlicke,76,nwoodruffb5@dropbox.com,China,,4581.02,12/4/2020,Product B,Nonna Woodruff
403,Ruby Tobias,80,kphilippartb6@instagram.com,China,,8776.45,9/4/2021,Product B,Kai Philippart
404,Sonya Slany,24,mbondb7@reddit.com,Lithuania,30001,7688.57,4/11/2020,Product B,Marshal Bond
405,Madison Cicero,71,hburberryb8@economist.com,Greece,,1861.9,7/14/2020,Product B,Hyman Burberry
406,Cecilius Mundee,23,vsnarb9@deliciousdays.com,Nigeria,,3276.16,3/11/2021,Product C,Vinson Snar
407,Lesly Kunkler,46,zcanferba@gizmodo.com,China,,8378.15,12/31/2020,Product B,Zita Canfer
408,Corina Luxon,80,lstopperbb@shareasale.com,Iran,,3579.36,3/8/2020,Product C,Lanita Stopper
409,Giralda Midden,72,cclausnerbc@pinterest.com,Indonesia,,5826.29,12/2/2021,Product B,Connie Clausner
410,Barty Broxholme,45,ekeblebd@free.fr,United States,19172,9616.72,10/10/2020,Product A,Ettore Keble
411,Binnie Sings,31,saimablebe@diigo.com,Russia,142641,1236.36,8/10/2020,Product C,Stafani Aimable
412,Gabbi Davydenko,60,atasselerbf@indiegogo.com,Syria,,780.84,6/13/2021,Product A,Alec Tasseler
413,Chane O'Finan,83,croxbeebg@prnewswire.com,Indonesia,,3480.47,1/22/2021,Product A,Claybourne Roxbee
414,Eugenio Merrilees,81,rgrigoryevbh@google.it,Brazil,69405-000,4940.49,7/8/2020,Product A,Rafaello Grigoryev
415,Casey Gleed,52,jcordeaubi@lycos.com,Mongolia,,5751.13,8/15/2021,Product A,Jewell Cordeau
416,Mano Denisard,36,mtathacottbj@sohu.com,China,,9243.53,2/28/2020,Product C,Mag Tathacott
417,Matelda MacBain,65,rkillimisterbk@ow.ly,Philippines,8010,9415.92,4/10/2020,Product B,Ravid Killimister
418,Dorolice Armsden,32,severixbl@google.com,Brazil,61760-000,2232.87,1/31/2021,Product B,Skippie Everix
419,Lorilyn Syred,70,rloisibm@soundcloud.com,Yemen,,3143.64,1/20/2020,Product B,Roxie Loisi
420,Annette Lockhart,53,mgrinstedbn@cbc.ca,Chile,,1603.58,6/18/2021,Product A,Mareah Grinsted
421,Kirbee Fiddymont,51,comonahanbo@people.com.cn,Ukraine,,6417.86,12/15/2021,Product A,Craig O'Monahan
422,Cherianne Pawden,70,rkasbyebp@4shared.com,China,,349.3,6/2/2020,Product A,Ronica Kasbye
423,Patricio Reisen,80,mvynollbq@gravatar.com,China,,3192.04,9/12/2020,Product A,Mort Vynoll
424,Marietta Ancell,54,btocherbr@discovery.com,Brazil,58600-000,2771.1,12/14/2020,Product C,Berri Tocher
425,Bradford Wathall,33,cpainbs@washingtonpost.com,China,,6570.79,8/9/2021,Product B,Corabelle Pain
426,Chloris Stenner,77,eguiverbt@jalbum.net,Japan,343-0801,1618.54,1/18/2020,Product B,Eb Guiver
427,Alan Boullin,25,mcarnsonbu@oracle.com,United States,10160,6802.48,5/12/2021,Product C,Maressa Carnson
428,Rosmunda Groger,84,pgaythorpebv@furl.net,China,,2091.36,11/28/2021,Product B,Paloma Gaythorpe
429,Jessy Gilleon,63,hhugnetbw@army.mil,China,,8270.45,6/21/2021,Product B,Herculie Hugnet
430,Blythe Bohlsen,18,ahatterslaybx@phoca.cz,Portugal,3070-523,8777.09,3/21/2020,Product A,Agnes Hatterslay
431,Roddie Wilson,72,wcrosherby@nymag.com,Indonesia,,2837.22,2/18/2021,Product B,Willis Crosher
432,Rickey Abells,63,ctreslerbz@sina.com.cn,Ukraine,,2556.78,12/11/2020,Product C,Cos Tresler
433,Ronni MacNally,85,ndeboyc0@toplist.cz,China,,8874.17,8/18/2021,Product C,Nisse Deboy
434,Emmott Wraxall,57,graec1@springer.com,Palestinian Territory,,3744.15,11/8/2021,Product A,Georgianne Rae
435,Giffy Matteoni,82,porgeec2@wisc.edu,Colombia,816019,590.45,3/14/2021,Product B,Patrick Orgee
436,Homere Huster,63,ljarradc3@dagondesign.com,Malaysia,05516,4713.16,8/10/2020,Product A,Liane Jarrad
437,Darsey Rosnau,32,msteerc4@edublogs.org,Indonesia,,8366.92,2/29/2020,Product C,Marylee Steer
438,Gusella Sorrie,37,bfauguelc5@fda.gov,Argentina,2686,5991.82,5/28/2021,Product A,Basil Fauguel
439,Dan Etchell,40,rigoc6@webmd.com,China,,2125.86,11/12/2020,Product C,Rafferty Igo
440,Melonie Hartle,51,elabordac7@home.pl,Guatemala,11006,832.61,7/18/2021,Product B,Edee Laborda
441,Cob Bute,83,klumsdenc8@dot.gov,Brazil,45000-000,1226.4,9/11/2021,Product C,Kelley Lumsden
442,Tremaine Perryn,71,mlonghornec9@rakuten.co.jp,Canada,E8M,4413.23,8/15/2020,Product A,Maxine Longhorne
443,Arleyne Leehane,73,sbelshawca@wsj.com,Hungary,2809,5260.45,10/16/2021,Product A,Susan Belshaw
444,Rosana O'Cahill,74,lparvincb@youtube.com,Philippines,2446,7459.09,6/10/2021,Product C,Lizzy Parvin
445,Dante Scawen,75,atarbertcc@mapquest.com,Luxembourg,L-5451,5361.57,8/3/2021,Product B,Allistir Tarbert
446,Cassandra Bartunek,85,emcmonniescd@google.co.jp,Armenia,,7035.68,5/15/2020,Product C,Enrika McMonnies
447,Louisette Fores,71,cblincowece@trellian.com,Brazil,12300-000,6867.0,2/18/2020,Product A,Chantalle Blincowe
448,Melany Simkovich,38,ochesterfieldcf@wikia.com,Indonesia,,9609.34,2/19/2021,Product B,Ode Chesterfield
449,Noel Crozier,26,bdenisovocg@google.com.au,Vietnam,,650.74,12/9/2020,Product A,Broderic Denisovo
450,Bertie Borrel,70,ajunesch@desdev.cn,Indonesia,,7683.9,8/17/2020,Product A,Allen Junes
451,Joanie Felipe,46,bsadlerci@youku.com,Japan,997-0751,668.96,11/23/2021,Product A,Babette Sadler
452,Guilbert Emanuelov,49,qbalinecj@blogger.com,China,,4069.62,1/8/2020,Product B,Quincey Baline
453,Ericha Lardge,38,rtutchenerck@deliciousdays.com,Ecuador,,7062.04,12/24/2020,Product C,Rhodia Tutchener
454,Latia Mattacks,25,borgelcl@cocolog-nifty.com,Venezuela,,490.65,3/31/2020,Product A,Brandie Orgel
455,Tades Beckinsall,84,grochewellcm@google.com.hk,Ireland,E45,9395.92,11/26/2020,Product C,Gabi Rochewell
456,Kristy Martynikhin,62,pdurstoncn@geocities.jp,Russia,140093,3354.9,11/25/2020,Product C,Paola Durston
457,Temple Penrith,64,ddeco@biblegateway.com,Indonesia,,5030.11,8/5/2021,Product C,Dorelle De Carolis
458,Jamal Menloe,78,clougheedcp@msn.com,Indonesia,,5265.05,9/22/2020,Product A,Chloe Lougheed
459,Shanna Ledram,58,jclibberycq@yandex.ru,Malta,MXK,1547.3,11/19/2021,Product A,Justine Clibbery
460,Shanan Scardefield,53,mterlindencr@skyrock.com,Indonesia,,2568.69,10/13/2020,Product C,Meggi Terlinden
461,Ely Iskowicz,28,npenrithcs@gravatar.com,China,,4101.08,5/22/2020,Product B,Nate Penrith
462,Willette Bell,76,vclayworthct@nyu.edu,Indonesia,,2497.96,10/24/2020,Product A,Valerie Clayworth
463,Auroora Lebrun,82,rflintuffcu@google.fr,Philippines,7213,5582.33,1/15/2020,Product C,Robers Flintuff
464,Eydie Dalby,26,kbrowercv@reference.com,Indonesia,,3997.56,12/20/2020,Product A,Kiel Brower
465,Layla Deviney,62,bbladencw@archive.org,China,,6602.84,3/20/2021,Product B,Batholomew Bladen
466,Georgina Burker,45,bbaudiccx@dell.com,China,,635.69,2/9/2021,Product C,Brooks Baudic
467,Helga Keat,57,amatusovskycy@businessweek.com,Ukraine,,6934.29,6/22/2020,Product C,Abbot Matusovsky
468,Baxie Burless,65,jtriswellcz@pen.io,Uzbekistan,,6073.95,2/19/2021,Product A,Jeffie Triswell
469,Raviv Ruckledge,26,mglaved0@google.fr,Finland,60550,7080.24,12/27/2020,Product B,Max Glave
470,Bastien Leneve,81,emorillad1@purevolume.com,Guatemala,05009,7508.39,9/22/2020,Product C,Emile Morilla
471,Cletis Redmore,68,lmcgrirld2@shop-pro.jp,China,,1436.37,9/21/2020,Product B,Layney McGrirl
472,Janeen Englefield,71,hstanlackd3@blogs.com,China,,3101.34,7/26/2021,Product A,Horatio Stanlack
473,Dorette Hubeaux,78,bstavesd4@cafepress.com,Portugal,4815-668,7434.77,3/26/2020,Product C,Bar Staves
474,Maureene Brockherst,60,mkarpenyad5@soup.io,Ireland,D06,8093.86,10/23/2020,Product B,Moira Karpenya
475,Franchot Aplin,68,gmorleyd6@bluehost.com,New Zealand,4820,8608.47,12/18/2020,Product C,Gelya Morley
476,Todd Sidary,59,lklusd7@umn.edu,Poland,05-094,1544.67,10/4/2020,Product B,Lisetta Klus
477,Estrellita Laughnan,31,gholsalld8@tmall.com,Guatemala,16006,4157.64,4/29/2021,Product A,Gayel Holsall
478,Maible Dizlie,53,jfleethamd9@forbes.com,China,,6152.74,2/15/2021,Product A,Jaquelin Fleetham
479,Lynne McGinly,82,jveversda@usatoday.com,Vietnam,,1482.73,2/4/2021,Product A,Jane Vevers
480,Jay Omar,62,tseedmandb@addthis.com,China,,5420.95,11/14/2021,Product A,Teddy Seedman
481,Ula Egger,71,mlongridgedc@goo.gl,Sweden,114 79,3888.33,12/6/2021,Product C,Morse Longridge
482,Crawford Pedley,19,bbruntjedd@census.gov,Indonesia,,7244.27,11/19/2021,Product C,Benedict Bruntje
483,Anthony Thistleton,59,mcosstickde@house.gov,China,,6890.26,7/5/2021,Product A,Margarete Cosstick
484,Porty Dahlen,59,lenburydf@unesco.org,Haiti,,4572.55,12/4/2020,Product A,Laurel Enbury
485,Hastings Childe,39,asherbournedg@bloglovin.com,Sweden,531 17,2248.89,4/10/2021,Product B,Alvy Sherbourne
486,Alexandro Philip,50,fshawdh@wikimedia.org,Philippines,6534,3422.94,2/19/2020,Product B,Fanny Shaw
487,Ariel Sall,35,efyndondi@google.de,China,,1878.96,7/11/2021,Product A,Egan Fyndon
488,Sutton Gossipin,59,xphoebedj@uol.com.br,Burkina Faso,,2783.11,12/9/2021,Product B,Ximenez Phoebe
489,Giulia Filkov,27,bodgaarddk@sakura.ne.jp,Finland,95590,4752.47,9/27/2021,Product A,Barth Odgaard
490,Suki Finding,37,dgrestyedl@umich.edu,China,,3134.79,3/13/2020,Product A,Dalia Grestye
491,Steward Eisold,60,jhodgetsdm@pagesperso-orange.fr,China,,8222.72,10/19/2020,Product B,Joceline Hodgets
492,Hermy Iorizzo,41,elantophdn@chron.com,Philippines,3703,5288.95,8/4/2021,Product A,Ebenezer Lantoph
493,Ax Peak,21,aeathornedo@msu.edu,United Kingdom,NR34,2721.85,1/28/2021,Product A,Adrianna Eathorne
494,Delmore Woodage,45,colnerdp@macromedia.com,Morocco,,2514.67,7/24/2020,Product B,Coraline Olner
495,Erma Phettiplace,58,scroydq@livejournal.com,Canada,G3L,3807.14,6/11/2021,Product A,Simonne Croy
496,Robin Rickeard,20,jwetterndr@jimdo.com,China,,6441.86,8/16/2020,Product A,Joaquin Wettern
497,Roi Giottini,26,sibarrads@simplemachines.org,Poland,32-435,123.35,8/24/2021,Product C,Stacy Ibarra
498,Leigh McKelloch,36,ofotherbydt@reference.com,Philippines,4508,1700.54,3/7/2020,Product C,Olivier Fotherby
499,Bailie Crudginton,69,bcormackdu@businessweek.com,China,,1095.48,8/22/2020,Product C,Bobbee Cormack
500,Pet Capel,60,htabourdv@ehow.com,Indonesia,,69.9,12/23/2021,Product C,Harlie Tabour
501,Ashil Rossborough,71,cbagsterdw@phoca.cz,China,,627.66,3/29/2020,Product B,Charlene Bagster
502,Hogan Dessaur,19,dkachellerdx@slate.com,Nigeria,,2606.8,12/28/2021,Product C,Deirdre Kacheller
503,Englebert Peak,51,pgoodredgedy@ftc.gov,Costa Rica,10302,5662.33,9/27/2020,Product B,Paolina Goodredge
504,Jandy Izkovicz,50,rwilshiredz@sun.com,China,,3947.54,12/24/2020,Product B,Rory Wilshire
505,Verna Stammler,83,ftourete0@edublogs.org,Ireland,F45,2140.66,3/9/2021,Product C,Farrel Touret
506,Alonzo McKiddin,56,lemanuele1@tamu.edu,China,,8877.32,7/5/2021,Product B,Leese Emanuel
507,Neda Greensall,57,sohrtmanne2@buzzfeed.com,China,,5529.89,1/14/2020,Product C,Scarlett Ohrtmann
508,Tiffanie Seefus,82,trosenberge3@artisteer.com,Russia,412787,3520.08,9/14/2020,Product C,Tomlin Rosenberg
509,Othelia Doley,42,bharfoote4@oakley.com,Uzbekistan,,3617.21,11/17/2021,Product B,Baldwin Harfoot
510,Gilberte Mitchelhill,62,aranvoisee5@tripod.com,Indonesia,,2689.21,2/26/2020,Product C,Arthur Ranvoise
511,Veronica Brugemann,70,mmcevaye6@nih.gov,China,,6166.12,9/6/2020,Product A,Meriel McEvay
512,Britni De Michele,22,dhalladaye7@amazon.de,Poland,64-915,4509.22,6/4/2021,Product B,Davida Halladay
513,Lilla Marcu,69,wovanesiane8@ox.ac.uk,China,,6954.71,11/1/2020,Product B,Winthrop Ovanesian
514,Flo Blanchflower,29,amolinese9@dion.ne.jp,Indonesia,,3635.86,8/7/2020,Product A,Agnella Molines
515,Nerti Charsley,25,spurseloweea@hc360.com,China,,1775.47,4/6/2021,Product B,Slade Purselowe
516,Robinet Hiscoe,26,jmquhaneb@amazonaws.com,Norway,3037,4130.1,1/8/2020,Product C,Jada M'Quhan
517,Corly Tessington,60,akisarec@walmart.com,Malaysia,70572,5813.62,5/14/2021,Product B,Antonin Kisar
518,Allin Kosiada,23,jzollnered@mail.ru,United States,46620,5018.5,11/1/2021,Product C,Jesse Zollner
519,Burty Hantusch,48,bpietee@mlb.com,Syria,,7581.36,12/23/2021,Product A,Bellanca Piet
520,Merrile Vaillant,20,gcanteroef@columbia.edu,Poland,36-071,5355.59,6/8/2021,Product A,Gram Cantero
521,Cheslie Cavendish,43,btunbridgeeg@digg.com,Azerbaijan,,1236.26,11/4/2021,Product B,Brit Tunbridge
522,Donnie Riccione,31,parmigereh@accuweather.com,Bosnia and Herzegovina,,5274.67,10/4/2021,Product B,Prescott Armiger
523,Roanne Caspell,34,wropartzei@dropbox.com,China,,7502.74,9/2/2021,Product B,Wyatan Ropartz
524,Jaquith Roadknight,33,wmacmeekanej@plala.or.jp,Philippines,8006,1856.41,3/4/2020,Product A,Wolfgang MacMeekan
525,Devi Askin,18,dmcinnesek@comcast.net,China,,4154.56,8/27/2021,Product A,Deerdre McInnes
526,Aldric De Ruggero,44,jgheorghieel@washington.edu,Israel,,5541.81,11/29/2021,Product C,Jameson Gheorghie
527,Sheppard Mollison,44,gprattenem@mapquest.com,Philippines,2712,6592.51,2/11/2020,Product C,Guthrey Pratten
528,Claiborne Duncklee,46,dpottellen@nba.com,Brazil,89136-000,9033.68,5/21/2020,Product A,Donetta Pottell
529,Duffie Dosdill,64,cbalfreeo@nytimes.com,Pakistan,61200,2199.87,9/2/2020,Product B,Cleavland Balfre
530,Anissa Gyves,74,cpickinep@delicious.com,Russia,301070,4735.08,1/18/2020,Product C,Caterina Pickin
531,Woodrow Tiebe,24,dmoseseq@squarespace.com,Greece,,1085.48,7/6/2021,Product B,Dulcine Moses
532,Laureen Propper,75,jparkener@mozilla.com,Russia,249018,9370.09,3/17/2021,Product C,Jayne Parken
533,Andy Essel,66,hflemynges@webmd.com,South Africa,8405,2125.45,1/28/2020,Product C,Hyacintha Flemyng
534,Cindy Ecclestone,23,coliphandet@goodreads.com,Nicaragua,,7527.17,3/28/2020,Product B,Celeste Oliphand
535,Allayne Vasilischev,75,skaineeu@alexa.com,China,,8174.58,5/8/2020,Product B,Sanderson Kaine
536,Kenny Woller,72,cdexterev@oaic.gov.au,United States,80217,5272.06,4/8/2020,Product C,Cello Dexter
537,Christyna Bathersby,26,pdustingew@chronoengine.com,China,,9106.72,2/16/2020,Product A,Petronia Dusting
538,Timothy Greatbach,27,dguyonneauex@ask.com,Indonesia,,3313.8,6/21/2020,Product A,Dante Guyonneau
539,Callida Benmore,56,calmeyey@theatlantic.com,China,,5193.87,12/28/2020,Product B,Clyve Almey
540,Marieann Cobbin,23,midwalez@barnesandnoble.com,Venezuela,,2558.74,11/19/2020,Product C,Michale Idwal Evans
541,Avie Longfield,78,aheinleinf0@sina.com.cn,Portugal,4650-127,8646.65,7/15/2020,Product C,Allyson Heinlein
542,Ailey Chaddock,20,eoddyf1@geocities.com,Peru,,1441.76,5/11/2021,Product A,Erina Oddy
543,Darby Derges,68,lkeppinf2@addtoany.com,Nigeria,,1589.12,1/8/2020,Product A,Lonnie Keppin
544,Cordey Cosby,75,wghionif3@paypal.com,Poland,12-102,7470.63,11/22/2020,Product A,Worth Ghioni
545,Jaclyn Collough,45,tworkf4@amazon.com,Portugal,4805-556,2815.87,3/16/2020,Product A,Talyah Work
546,Carey Carrabot,22,rblessedf5@amazon.com,China,,8806.55,2/9/2020,Product A,Rik Blessed
547,Esma Tricker,40,gbatalinif6@answers.com,Argentina,4152,295.32,10/29/2020,Product A,Gregg Batalini
548,Berti Skryne,32,ematzaitisf7@huffingtonpost.com,France,58209 CEDEX,4505.21,9/26/2020,Product C,Eveleen Matzaitis
549,Peta Backs,84,clongmeadf8@ifeng.com,Iraq,,9417.59,2/19/2021,Product C,Conny Longmead
550,Sydel Matys,48,ssimoneauf9@desdev.cn,Czech Republic,403 40,9920.02,8/23/2020,Product A,Sibel Simoneau
551,Grissel Girardi,42,mironsidefa@geocities.jp,Philippines,8119,4332.8,5/28/2021,Product C,Manfred Ironside
552,Britt Augar,29,mlittrellfb@seattletimes.com,China,,2466.18,5/31/2021,Product B,Melania Littrell
553,Sonja Mealand,48,ecogganfc@arizona.edu,Belarus,,2126.44,3/30/2021,Product C,Ely Coggan
554,Boot Lequeux,78,ltruluckfd@opensource.org,Nepal,,7812.0,2/29/2020,Product B,Leonid Truluck
555,Ulrica Lapthorn,40,tdeexfe@comcast.net,Poland,65-980,8286.86,3/28/2020,Product C,Teddie Deex
556,Cordelie Jozsika,73,hsommertonff@sun.com,China,,1060.33,5/22/2021,Product B,Hasheem Sommerton
557,Jefferson Rotge,73,gtinlinefg@feedburner.com,Indonesia,,9228.22,9/16/2020,Product A,Garek Tinline
558,Sheppard Woodrough,77,hdoonicanfh@vimeo.com,China,,5645.02,2/27/2021,Product B,Helen-elizabeth Doonican
559,Emiline Greenrodd,26,alukianovfi@blog.com,China,,7287.22,10/23/2020,Product A,Annadiane Lukianov
560,Alfi Trett,58,galbisserfj@buzzfeed.com,Russia,155334,4538.39,9/5/2021,Product A,George Albisser
561,Stanislas Olivella,58,kashwoodfk@blogtalkradio.com,Argentina,3155,9118.41,1/3/2020,Product A,Kirbee Ashwood
562,Bethina Askem,24,chewesfl@4shared.com,France,80031 CEDEX 1,4028.77,2/1/2021,Product B,Cirillo Hewes
563,Adela Surgen,48,kblakemorefm@alexa.com,South Korea,,3451.16,5/30/2020,Product A,Kizzee Blakemore
564,Marguerite Webborn,60,agaleyfn@indiegogo.com,China,,5512.44,9/11/2021,Product A,Ashley Galey
565,Danika Mannakee,63,areayfo@slideshare.net,Yemen,,9109.64,7/22/2020,Product B,Alethea Reay
566,Lindsey Prestige,33,jlivingstonefp@lulu.com,Chile,,9001.44,7/10/2021,Product C,Jenilee Livingstone
567,Gay Camidge,66,mcrawforthfq@de.vu,San Marino,47899,4769.94,4/23/2021,Product B,Minerva Crawforth
568,Galven Blunderfield,80,rguillartfr@sitemeter.com,Canada,G5B,2486.38,3/8/2021,Product B,Rois Guillart
569,Ariel Learie,79,gfolgerfs@redcross.org,Sweden,421 46,1166.6,7/10/2020,Product B,Gui Folger
570,Dari Forcer,74,rcollisterft@so-net.ne.jp,Indonesia,,8410.9,12/19/2020,Product B,Rubi Collister
571,Mahmoud Riggoll,48,lbillboroughfu@cmu.edu,Colombia,440017,9614.07,1/28/2020,Product C,Lewes Billborough
572,Bobbie Becerra,29,sdjordjevicfv@nytimes.com,China,,7292.88,6/4/2021,Product C,Staffard Djordjevic
573,Cindy Meates,33,ccicculinifw@scientificamerican.com,Malaysia,62530,5822.71,3/21/2020,Product C,Corabel Cicculini
574,Nadean Lorente,48,gmorysonfx@vinaora.com,Indonesia,,8239.89,11/5/2020,Product B,Georgine Moryson
575,Blondie Bortolutti,76,fzutefy@dailymail.co.uk,Morocco,,5657.8,8/14/2020,Product C,Fitz Zute
576,Gordan Ros,58,hheughfz@amazon.de,Portugal,4950-122,6741.35,10/17/2021,Product A,Hildy Heugh
577,Pincus Ecob,19,spoppingg0@slashdot.org,Ukraine,,7504.73,6/21/2021,Product A,Seward Popping
578,Alessandro Nairn,72,gkynettg1@arizona.edu,Bermuda,,4196.82,3/11/2020,Product B,Georgianne Kynett
579,Cristie Killbey,55,lmargrettg2@ibm.com,France,04990 CEDEX 9,5717.87,3/25/2021,Product C,Laurella Margrett
580,Erskine Ayre,77,awellfareg3@bravesites.com,Russia,442585,7640.4,10/4/2021,Product A,Adeline Wellfare
581,Phillie Cicchillo,41,cdustg4@pen.io,Indonesia,,9935.74,11/28/2020,Product B,Cameron Dust
582,Pauline Sollas,65,jscooneg5@google.es,France,13779 CEDEX,3776.2,8/19/2020,Product B,Juliet Scoone
583,Immanuel Sultana,56,twoodierg6@phpbb.com,Portugal,9940-035,3711.21,8/11/2020,Product A,Thane Woodier
584,Kate Cejka,32,mjohannessong7@gmpg.org,China,,9091.57,1/29/2021,Product A,Malvin Johannesson
585,Troy Andrzejowski,60,bganleyg8@unc.edu,Egypt,,533.27,2/22/2020,Product A,Bobine Ganley
586,Kris Fitch,58,hgradlyg9@furl.net,Saudi Arabia,,2354.53,6/10/2020,Product B,Hyman Gradly
587,Jocelyn Lanham,52,clornsenga@tiny.cc,Indonesia,,7683.26,1/18/2020,Product B,Cristina Lornsen
588,Lacie Pauletti,60,dturbaynegb@cam.ac.uk,China,,1529.07,5/25/2020,Product A,Duffy Turbayne
589,Ax Oxtoby,41,nstearndalegc@geocities.jp,Swaziland,,5058.66,2/14/2020,Product C,Nona Stearndale
590,Arte Pledge,38,tmertschinggd@bizjournals.com,Poland,48-100,6572.44,11/3/2021,Product B,Twyla Mertsching
591,Lowrance Gunter,30,mrhodesge@i2i.jp,Brazil,98700-000,1808.83,6/26/2021,Product C,Malena Rhodes
592,Roselin Frusher,80,avernergf@tiny.cc,Indonesia,,7553.1,7/7/2020,Product C,Ancell Verner
593,Birgitta Blackboro,31,teberstgg@chronoengine.com,Nicaragua,,5474.99,1/22/2021,Product B,Thia Eberst
594,Brina Claiden,50,kilyuningh@ning.com,New Zealand,2677,8553.66,8/21/2021,Product B,Kristofer Ilyunin
595,Thomasa Yuryev,21,cferrongi@kickstarter.com,Mongolia,,7331.64,1/9/2021,Product A,Catherina Ferron
596,Jonathon Haughan,35,lvassaygj@wisc.edu,Madagascar,,4222.3,3/20/2021,Product B,Lynn Vassay
597,Brietta McGreay,83,cfallengk@boston.com,Brazil,97540-000,7188.29,2/12/2021,Product C,Caddric Fallen
598,Sybilla Southward,31,tpeirpointgl@ed.gov,Ethiopia,,6941.99,11/28/2021,Product B,Torrie Peirpoint
599,Cathrine Horrod,48,rbrillgm@uol.com.br,Indonesia,,3132.74,4/11/2020,Product B,Rachel Brill
600,Staci Niese,68,elamplgn@china.com.cn,Czech Republic,362 63,4892.19,6/28/2021,Product A,Elenore Lampl
601,Dore Clawe,21,fchittiego@nytimes.com,Syria,,4662.96,10/9/2020,Product C,Fidelio Chittie
602,Zorah Savery,25,hterbruggegp@state.tx.us,Sri Lanka,10200,1654.75,9/1/2020,Product A,Hedvige Terbrugge
603,Mallory Scoyles,47,rnoahgq@utexas.edu,Russia,632851,4263.53,5/11/2021,Product B,Randi Noah
604,Vance Lardeux,45,kprinngr@irs.gov,Indonesia,,6461.27,10/15/2020,Product B,Karlyn Prinn
605,Krysta Patise,34,jtottlegs@webnode.com,China,,79.41,9/7/2021,Product B,Janeczka Tottle
606,Wally Oaten,44,kdavidmangt@time.com,Equatorial Guinea,,9884.61,6/18/2021,Product B,Kennett Davidman
607,Amelia Jermy,71,crouthamgu@umn.edu,Slovenia,2284,4502.54,12/3/2021,Product A,Claude Routham
608,Laurette Duncanson,40,msilversmidtgv@ibm.com,Greece,,4227.97,2/18/2021,Product B,Marti Silversmidt
609,Auberon Leaming,26,dhaineygw@cdbaby.com,Indonesia,,5883.79,1/2/2020,Product B,Dael Hainey`
610,Willyt Moakson,30,kcundegx@friendfeed.com,Poland,89-620,3924.03,3/30/2021,Product A,Kala Cunde
611,Joline Crutchfield,19,marborgy@ed.gov,Serbia,,8712.04,12/8/2020,Product C,Myca Arbor
612,Averil Grainge,55,nzinkgz@redcross.org,China,,6968.1,9/17/2020,Product A,Northrup Zink
613,Tine Whines,58,lgypsonh0@friendfeed.com,United States,57193,7330.57,8/15/2021,Product B,Lari Gypson
614,Annmarie Aubry,61,ethainh1@nydailynews.com,Philippines,1106,222.64,7/28/2021,Product A,Elsi Thain
615,Ody Karoly,26,sroothamh2@senate.gov,Russia,102469,5959.94,2/17/2020,Product C,Shelden Rootham
616,Darlene Mickan,21,kstephenh3@phpbb.com,France,86062 CEDEX 9,7120.32,8/21/2020,Product B,Karylin Stephen
617,Peter Sherrin,29,cbrychanh4@livejournal.com,Ethiopia,,6731.63,1/18/2020,Product B,Cristin Brychan
618,Traver McCreery,70,cmounseyh5@posterous.com,Philippines,2612,5752.05,9/17/2020,Product A,Cass Mounsey
619,Jermaine Wraighte,57,mpohlkeh6@bravesites.com,Norway,0211,1146.17,9/6/2020,Product A,Morly Pohlke
620,Granny Shale,27,lrappsh7@eventbrite.com,Serbia,,2891.52,7/28/2021,Product A,Leonhard Rapps
621,Andromache Drinkale,20,tcartwrighth8@comcast.net,Portugal,4690-712,5779.93,8/28/2021,Product B,Tonia Cartwright
622,Mickie Cowsby,30,arickcordh9@shop-pro.jp,China,,3870.84,12/18/2020,Product B,Alayne Rickcord
623,Marisa Fidge,21,sdivinyha@oaic.gov.au,Bosnia and Herzegovina,,6584.45,1/25/2020,Product C,Shelba Diviny
624,Kelcey De L'Isle,40,ksteptoehb@zimbio.com,Faroe Islands,215,7584.3,4/5/2020,Product A,Kata Steptoe
625,Albrecht Sangwin,49,achastandhc@sina.com.cn,France,27036 CEDEX,9623.78,7/20/2020,Product B,Althea Chastand
626,Ginger Simister,46,alyffehd@phpbb.com,United States,53205,8174.47,6/11/2020,Product A,Agna Lyffe
627,Genna Cudiff,74,lmadsenhe@163.com,Brazil,16600-000,2988.46,10/3/2020,Product A,Laurent Madsen
628,Ericha Reeve,37,aferronelhf@nyu.edu,Paraguay,,4131.38,5/17/2020,Product C,Antonella Ferronel
629,Gates Chasson,73,zpysonhg@usnews.com,Lesotho,,5643.29,11/17/2021,Product A,Zara Pyson
630,Farrell Constantinou,61,ttrokehh@paypal.com,China,,2577.56,5/9/2021,Product C,Tommie Troke
631,Dorelia Hullett,53,hwoollonshi@g.co,China,,9610.34,8/7/2021,Product A,Hieronymus Woollons
632,Rafaello Hayman,51,fdasenthj@state.gov,South Korea,,7312.74,7/29/2021,Product C,Farr Dasent
633,Mirabel Arnowitz,84,jsictorneshk@hp.com,Brazil,55700-000,2482.99,5/4/2020,Product A,Joline Sictornes
634,Wilow Heater,50,rhamblenhl@blogger.com,Philippines,5312,8425.27,12/3/2021,Product C,Robers Hamblen
635,Pansie Schonfelder,27,chaineshm@elegantthemes.com,Niger,,6736.28,9/14/2021,Product A,Catlaina Haines
636,Martita Gayforth,75,flongeahn@tumblr.com,China,,7234.58,12/27/2021,Product A,Felicle Longea
637,Matthew Zarfat,49,awardhaughho@yale.edu,Peru,,652.52,4/15/2020,Product B,Arlyn Wardhaugh
638,Jenica Coenraets,69,adufourehp@wunderground.com,Ukraine,,8115.3,6/26/2021,Product B,Ardis Dufoure
639,Elaina McGown,48,mboyenhq@trellian.com,China,,3389.57,4/3/2021,Product C,Margery Boyen
640,Herta Werendell,33,mpyehr@umich.edu,Denmark,1802,4548.38,5/1/2020,Product A,Mal Pye
641,Burch Garrard,21,esevillehs@si.edu,Croatia,43226,798.89,2/14/2020,Product C,Everard Seville
642,Mark Garlett,36,bslessorht@telegraph.co.uk,Norway,1725,5905.13,5/31/2021,Product B,Bart Slessor
643,Merrilee Huckerbe,19,epalphreymanhu@g.co,Russia,238528,2372.92,5/3/2021,Product B,Elsy Palphreyman
644,Blake Lipsett,80,pportresshv@businessweek.com,Ecuador,,826.36,9/11/2020,Product B,Patric Portress
645,Rance Gayton,33,jdoughtyhw@marketwatch.com,Indonesia,,9439.26,8/24/2021,Product A,Jasmin Doughty
646,Sasha O' Dooley,49,ababalolahx@msn.com,China,,7438.8,1/17/2020,Product C,Ariela Babalola
647,Ketty Joerning,25,ccorahhy@elpais.com,China,,8370.03,1/16/2021,Product C,Christie Corah
648,Caralie Flewett,28,msimmellhz@wp.com,Indonesia,,1534.25,11/14/2021,Product C,Minni Simmell
649,Aurlie McQuilty,50,avisei0@weather.com,Indonesia,,7478.23,12/15/2020,Product B,Annadiane Vise
650,Tiffi Delph,64,jlakini1@vimeo.com,Indonesia,,6874.34,7/3/2020,Product C,Jada Lakin
651,Guthrey Pachta,79,bbrazeltoni2@hubpages.com,Portugal,6100-460,2130.04,6/3/2021,Product B,Bartholomeus Brazelton
652,Dorine Gurnett,25,scharleti3@clickbank.net,Philippines,1950,6048.15,5/7/2021,Product B,Sofia Charlet
653,Rik Ashmore,44,ekivellei4@microsoft.com,Colombia,707018,6686.02,11/3/2020,Product A,Essy Kivelle
654,Gilemette Delacourt,50,svuitteti5@infoseek.co.jp,Philippines,3707,5309.17,10/28/2021,Product B,Seka Vuittet
655,Valenka Rushman,47,sduri6@sourceforge.net,Colombia,133028,6650.12,4/16/2020,Product A,Stace Dur
656,Boris Wager,80,afawleyi7@globo.com,Portugal,4950-270,6556.64,12/22/2020,Product C,Aleta Fawley
657,Ty Rowcliffe,80,rbevisi8@yahoo.co.jp,Greece,,3865.08,10/3/2021,Product A,Rance Bevis
658,Calypso Truett,21,dbettensoni9@simplemachines.org,France,94726 CEDEX,9.66,6/2/2021,Product C,Darline Bettenson
659,Carola Blinerman,82,aforsardia@posterous.com,Greece,,4205.26,7/16/2020,Product A,Aleda Forsard
660,Lowe Burdge,21,mreardonib@guardian.co.uk,Germany,66119,3274.33,4/9/2020,Product A,Meier Reardon
661,Anetta Oglesbee,20,mgoalleyic@gov.uk,China,,2271.04,4/2/2021,Product B,Madelon Goalley
662,Corilla Tighe,71,pgaulid@google.es,Estonia,,1352.6,7/21/2021,Product C,Philippa Gaul
663,Maurise Grovier,79,lbarrarie@yolasite.com,Peru,,2194.7,8/30/2021,Product C,Leigh Barrar
664,Ricky McGilvray,58,dvennersif@stanford.edu,Poland,23-413,8624.02,2/14/2020,Product A,Delora Venners
665,Arturo Ramelet,44,wramsdaleig@mit.edu,Egypt,,1547.04,6/30/2020,Product B,Wilhelmina Ramsdale
666,Gail Ableson,58,pmcgeownih@ning.com,Yemen,,698.55,5/10/2020,Product C,Petra McGeown
667,Andria Dearden,51,bhuntressii@fda.gov,Philippines,6011,689.76,5/21/2021,Product B,Brocky Huntress
668,Jan Hoggins,62,chydeij@google.fr,Nigeria,,1668.26,1/20/2021,Product C,Cthrine Hyde
669,Kip Sandhill,34,waimerik@blogger.com,Indonesia,,1648.93,10/18/2020,Product B,Winfred Aimer
670,Perren Tindle,68,egateril@sakura.ne.jp,China,,7093.34,9/6/2021,Product C,Ella Gater
671,Micky Buessen,78,dmckeeversim@hugedomains.com,Sweden,981 22,9915.65,5/30/2020,Product B,Doria McKeevers
672,Daffie Keilty,73,ghazeldenein@msu.edu,China,,3359.93,7/20/2020,Product B,Gonzales Hazeldene
673,Lezlie Wrought,19,limosio@sphinn.com,Thailand,11140,8239.0,3/7/2020,Product B,Lula Imos
674,Nora Forman,48,jornelasip@boston.com,Japan,969-3288,2941.15,9/7/2021,Product C,Jackquelin Ornelas
675,Roxanna Ibert,34,abiddissiq@webmd.com,Peru,,6128.99,10/13/2020,Product A,Alvinia Biddiss
676,Jacob Pickaver,65,kburfootir@arstechnica.com,Japan,253-0041,3397.44,2/13/2020,Product A,Katrinka Burfoot
677,Dahlia Skynner,63,pguitonis@bloomberg.com,Vietnam,,8133.56,11/25/2021,Product B,Peyton Guiton
678,Ariel Cruden,34,fbegganit@canalblog.com,Morocco,,6567.73,11/1/2020,Product A,Florenza Beggan
679,Harriott Videneev,28,wdobleiu@sphinn.com,Russia,186660,4057.49,3/9/2020,Product B,Webster Doble
680,Joice Inkin,31,collettiv@instagram.com,Russia,397100,4416.77,4/7/2021,Product B,Caleb Ollett
681,Mayor Tippett,50,askaceiw@trellian.com,Indonesia,,8217.71,4/5/2020,Product B,Ailis Skace
682,Helga O'Hogertie,40,mconichieix@alexa.com,Brazil,37440-000,3366.48,8/11/2021,Product C,Mano Conichie
683,Dulci Pleavin,33,tbalineiy@craigslist.org,Indonesia,,628.87,8/18/2020,Product A,Tandy Baline
684,Emalee Gorman,83,odiiz@odnoklassniki.ru,France,72015 CEDEX 2,7809.99,4/14/2020,Product A,Odelinda Di Claudio
685,Hermione Parren,42,nmacgaffeyj0@booking.com,Honduras,,1641.85,4/23/2021,Product A,Nisse MacGaffey
686,Gilberta Semour,77,rcramej1@hao123.com,Philippines,7416,9554.57,5/20/2021,Product B,Riccardo Crame
687,Fidole Fawcus,68,dstobbej2@elegantthemes.com,United States,36670,9143.78,3/2/2020,Product A,Deanne Stobbe
688,Gray Domenichini,62,lwakehamj3@nyu.edu,Syria,,6310.34,5/17/2021,Product A,Leah Wakeham
689,Ode Echlin,41,gwhooleyj4@bluehost.com,Peru,,3738.77,6/22/2020,Product B,Gilda Whooley
690,Willamina Blanchette,27,dreddihoughj5@noaa.gov,Bulgaria,9225,5170.46,5/18/2020,Product B,Dianemarie Reddihough
691,Oralle Doy,21,amcaviyj6@prweb.com,China,,3133.35,11/27/2020,Product B,Aleece McAviy
692,Robbi Goady,77,acarnej7@stumbleupon.com,Serbia,,2569.51,2/15/2021,Product C,Aldon Carne
693,Lorry Durbann,44,cbouchardj8@jimdo.com,Indonesia,,9964.7,8/19/2021,Product A,Cherida Bouchard
694,Dex Showalter,47,blongworthyj9@nbcnews.com,Honduras,,3952.81,10/1/2021,Product C,Beitris Longworthy
695,Abbott Bosher,63,kgeneseja@meetup.com,Czech Republic,517 50,3399.69,8/23/2021,Product B,Kalinda Genese
696,Henrie Hoffman,79,mmclurgjb@kickstarter.com,China,,7205.78,9/17/2020,Product A,Minnaminnie McLurg
697,Roscoe Biner,29,knewcomenjc@domainmarket.com,Thailand,20150,6397.35,7/3/2020,Product B,Kirby Newcomen
698,Chad Ubsdell,65,jjimsonjd@timesonline.co.uk,Chile,,1815.25,3/26/2021,Product A,Jeno Jimson
699,Ammamaria Sibly,34,apreeneje@nsw.gov.au,Venezuela,,3875.29,1/12/2020,Product A,Alisa Preene
700,Orsa Hanscomb,50,mleatherlandjf@sourceforge.net,China,,4098.84,11/12/2020,Product C,Maxy Leatherland
701,Juliana Roget,83,rkindleyjg@gov.uk,China,,7376.79,3/16/2021,Product B,Roch Kindley
702,Catharine Bard,71,bmulroyjh@spotify.com,Mexico,82190,4685.76,2/24/2021,Product A,Bird Mulroy
703,Verile Petrescu,80,msawnwyji@mashable.com,Greece,,6497.15,12/8/2020,Product B,Mellicent Sawnwy
704,Allyson Ber,46,navraamjj@taobao.com,Dominican Republic,11207,926.79,2/7/2021,Product C,Neville Avraam
705,Carl Greatbanks,43,mpitchersjk@surveymonkey.com,Nigeria,,6868.78,10/6/2021,Product C,Morganica Pitchers
706,Bethina Kurth,66,blaverackjl@geocities.jp,Croatia,31402,2999.69,8/19/2020,Product A,Burl Laverack
707,Florie Duckers,75,ccolebournjm@acquirethisname.com,Poland,13-306,16.98,4/4/2020,Product A,Cointon Colebourn
708,Agatha Rafferty,50,kdouchejn@booking.com,El Salvador,,9660.57,8/12/2021,Product C,Konrad Douche
709,Lyndsay Barrs,26,sdunkleejo@list-manage.com,Sweden,645 32,232.47,5/4/2020,Product A,Sunny Dunklee
710,Cass Elcocks,40,anaryjp@yolasite.com,Portugal,4690-300,8105.36,2/24/2020,Product C,Aridatha Nary
711,Eloise Pearch,68,rbevingtonjq@usa.gov,Poland,97-221,1100.21,11/16/2021,Product A,Ranee Bevington
712,Enriqueta Cossey,27,wsircombjr@un.org,Indonesia,,1347.02,6/5/2021,Product C,Wit Sircomb
713,Isahella Ducker,46,dnortheyjs@icq.com,Thailand,65160,7596.77,1/8/2021,Product B,Davy Northey
714,Berty Ifill,83,bbrantzenjt@chicagotribune.com,China,,2887.19,9/23/2020,Product B,Bidget Brantzen
715,Demetre Basham,57,dellsomju@multiply.com,Philippines,3318,9716.7,6/24/2021,Product C,Dahlia Ellsom
716,Diarmid Gabbat,19,rmoratjv@cloudflare.com,China,,3860.82,7/2/2021,Product B,Redd Morat
717,Carolyn Jakubovsky,40,bselbornejw@netlog.com,Russia,658059,5093.43,11/30/2020,Product C,Bealle Selborne
718,Meade Shalloe,26,msmalcombejx@xing.com,Mauritius,,5484.23,1/14/2020,Product B,Michaeline Smalcombe
719,Jori Hairsnape,77,ttwiddlejy@patch.com,United States,23237,3347.33,12/25/2020,Product A,Trip Twiddle
720,Rock Waterworth,42,gsavinejz@merriam-webster.com,Brazil,84400-000,505.36,4/29/2020,Product A,Gaylord Savine
721,Dot Lamasna,53,eburrenk0@topsy.com,China,,8750.07,10/14/2021,Product A,Eldin Burren
722,Doy Greatland,42,gscaddingk1@sakura.ne.jp,Indonesia,,7458.64,10/11/2020,Product C,Georgie Scadding
723,Elaina Corbridge,49,cromek2@de.vu,China,,4799.35,8/19/2021,Product C,Craig Rome
724,Analiese Pitrasso,70,grogezk3@weather.com,Morocco,,3001.62,7/27/2020,Product A,Gasparo Rogez
725,Lishe Kilborn,36,lodyvoiek4@unicef.org,China,,110.58,10/7/2021,Product B,Licha O'Dyvoie
726,Marilyn Rodd,49,wwhallk5@blogspot.com,Philippines,4334,2461.33,12/23/2021,Product A,Waite Whall
727,Alexei Wilacot,73,pshawellk6@dropbox.com,China,,8442.89,9/20/2021,Product B,Papagena Shawell
728,Elianore Caile,65,zmacpadenk7@blogspot.com,Vietnam,,9659.6,5/23/2021,Product C,Zolly MacPaden
729,Thelma Birts,62,gpurtellk8@mapy.cz,Cameroon,,3228.92,5/24/2020,Product C,Gabriello Purtell
730,Christos Willcott,64,kmauchlinek9@virginia.edu,Russia,143818,7806.48,11/4/2021,Product C,Kipper Mauchline
731,Bibbye Bellocht,37,tduckerinka@answers.com,Netherlands,2228,9436.29,8/6/2020,Product B,Toby Duckerin
732,Clareta Ballantine,59,cbirtwhistlekb@naver.com,China,,8741.54,11/4/2020,Product C,Cyril Birtwhistle
733,Cecilia Trounce,38,cgemellikc@lulu.com,China,,3700.79,6/30/2021,Product C,Christin Gemelli
734,Elbertina Dorrington,23,jturbatkd@businesswire.com,Philippines,2010,9945.68,11/16/2020,Product B,Jesse Turbat
735,Adelbert Ker,23,jvodenke@nbcnews.com,Brazil,87700-000,104.79,5/20/2021,Product B,Joelly Voden
736,Stillman Bitchener,68,fheskinkf@addtoany.com,Sudan,,7160.81,1/7/2021,Product C,Federica Heskin
737,Beryle Uzzell,52,zpeltzkg@delicious.com,China,,195.08,9/3/2021,Product A,Zorah Peltz
738,Bette Epperson,85,sgallehockkh@senate.gov,Ukraine,,7081.24,7/12/2020,Product B,Sargent Gallehock
739,Cari Muttock,48,kdiki@ca.gov,Indonesia,,783.72,7/8/2020,Product A,Kassi Di Matteo
740,Morse Ebbett,60,bquinevankj@usnews.com,China,,908.18,3/10/2020,Product A,Beltran Quinevan
741,Alicia Daniele,80,gpasbykk@marriott.com,Brazil,27300-000,5071.68,1/24/2020,Product A,Gabey Pasby
742,Isidor Cadlock,22,delcekl@webmd.com,China,,7034.43,3/27/2020,Product A,Devi Elce
743,Findley Prate,44,poliveykm@360.cn,France,62404 CEDEX,4125.8,7/27/2020,Product C,Peri Olivey
744,Anallese Moehler,33,kundrillkn@booking.com,Tanzania,,5458.34,2/25/2021,Product C,Kizzee Undrill
745,Ariella Hodgen,85,cpottsko@shutterfly.com,Croatia,34310,9324.91,5/4/2020,Product B,Clevie Potts
746,Verne Thies,57,wjohannessonkp@usda.gov,Brazil,64800-000,1606.1,10/25/2020,Product C,Wilden Johannesson
747,Rab Bathow,24,esteffenskq@goo.gl,China,,1622.24,9/27/2021,Product C,Eldon Steffens
748,Remus Arnout,48,tlettingtonkr@blogger.com,Peru,,1794.68,5/19/2020,Product A,Tristan Lettington
749,Noellyn Hardwick,59,varmsteadks@bbc.co.uk,North Korea,,6574.09,12/26/2020,Product B,Veda Armstead
750,Roxy Lemmertz,82,gseabertkt@mozilla.org,Indonesia,,4653.07,12/1/2020,Product A,Gradeigh Seabert
751,Danielle Bolton,75,ggoviniku@wisc.edu,China,,6656.51,4/3/2020,Product C,Godfry Govini
752,Tasha Goodlake,81,bcockertonkv@chron.com,Colombia,270009,2365.03,8/2/2020,Product B,Bette Cockerton
753,Darbee Gatling,77,mboutcherkw@vinaora.com,Japan,990-2332,3629.81,6/20/2021,Product A,Mike Boutcher
754,Rodrique Sharram,41,cmineskx@youku.com,China,,6995.19,8/9/2020,Product C,Chevalier Mines
755,Eartha Cuesta,31,dschollky@163.com,Palestinian Territory,,8568.8,4/22/2020,Product C,Darell Scholl
756,Freddie Yeskin,61,rbooikz@google.nl,China,,6574.47,10/23/2020,Product B,Rhetta Booi
757,Thomasina Guitonneau,41,jreaveyl0@auda.org.au,Indonesia,,7456.03,6/16/2021,Product B,Janeczka Reavey
758,Gelya Mc Giffin,73,wsaxtonl1@paypal.com,Russia,614520,5198.98,3/14/2020,Product B,Westbrook Saxton
759,Sammie Veronique,35,chousecraftl2@rediff.com,Iran,,7348.9,12/3/2021,Product C,Cull Housecraft
760,Manya Ivan,41,vferencel3@sitemeter.com,Colombia,764008,1740.1,12/17/2021,Product A,Venita Ference
761,Ramona Fronsek,36,cevendenl4@yellowbook.com,China,,3947.07,9/30/2021,Product C,Cirilo Evenden
762,Pail Shewan,31,dgriegl5@cdc.gov,Mayotte,97680,5029.93,4/27/2020,Product B,Dulci Grieg
763,Sherilyn Paskin,83,mrubinovl6@shutterfly.com,Croatia,52000,651.15,12/26/2020,Product B,Maryanna Rubinov
764,Pyotr Kobpal,23,dhorsleyl7@microsoft.com,Hong Kong,,3473.55,10/5/2020,Product C,Dina Horsley
765,Hilda Browell,36,hpoletl8@studiopress.com,China,,3466.63,6/19/2021,Product A,Hector Polet
766,Theodora Scirman,18,hfrankuml9@1688.com,Mexico,60433,1541.25,6/23/2021,Product C,Hyacintha Frankum
767,Byrann Klimp,78,nlilionla@bloglines.com,Thailand,94140,6263.85,11/27/2021,Product C,Nike Lilion
768,Rodi Fussen,48,nnovellolb@acquirethisname.com,China,,7404.47,4/30/2020,Product C,Nert Novello
769,Lavinia Douthwaite,71,jchasemoorelc@yandex.ru,China,,6734.17,4/5/2020,Product A,Julia Chasemoore
770,Cristiano Minghetti,22,drustanld@weibo.com,Palestinian Territory,,7278.05,1/22/2021,Product B,Dell Rustan
771,Krystal Castles,76,efennellyle@odnoklassniki.ru,Papua New Guinea,,9190.89,7/25/2020,Product A,Egor Fennelly
772,Rebecca Perell,44,oocorhanelf@miibeian.gov.cn,Finland,99101,7721.39,7/26/2021,Product B,Osgood O'Corhane
773,Justus Harnott,21,fmalialg@eepurl.com,China,,3341.33,12/15/2021,Product A,Farrah Malia
774,Corbie Adamo,55,kjardinelh@weibo.com,Philippines,9810,8616.92,8/19/2021,Product A,Kalle Jardine
775,Ludovika Wofenden,21,aaizikovitzli@360.cn,Czech Republic,793 51,9269.86,8/18/2021,Product B,Aube Aizikovitz
776,Lura Wysome,41,ledmeadlj@lycos.com,Palestinian Territory,,3715.11,3/12/2020,Product C,Linc Edmead
777,Savina Hembling,29,dvalancelk@dmoz.org,Pakistan,59250,1079.86,5/5/2020,Product B,Dorene Valance
778,Federica Indgs,48,rengelll@hp.com,Philippines,2808,5729.32,11/3/2020,Product B,Rici Engel
779,Chariot Ferentz,75,cvoaslm@google.ru,Syria,,1530.4,5/1/2021,Product C,Casper Voas
780,Cristabel Langland,79,fsebbornln@linkedin.com,China,,5875.58,7/3/2021,Product B,Fanny Sebborn
781,Cecilia Zorzenoni,60,flindmanlo@ft.com,China,,419.34,11/5/2021,Product C,Francoise Lindman
782,Carey Colbertson,44,achisnelllp@geocities.com,Japan,880-2215,3161.21,8/19/2021,Product B,Arly Chisnell
783,Aylmar Trunkfield,44,mpountneylq@dmoz.org,Brazil,06400-000,1367.83,4/14/2021,Product C,Manolo Pountney
784,Manny Lemerie,22,rboottonlr@ucoz.ru,Russia,141667,7584.01,10/11/2020,Product B,Renard Bootton
785,Sutherland Gilston,33,rstallebrassls@ovh.net,Brazil,63580-000,8347.54,8/23/2020,Product C,Read Stallebrass
786,Modestia Dubble,43,neddinslt@dedecms.com,Indonesia,,6407.89,9/21/2020,Product B,Nikolas Eddins
787,Rem Buxton,30,zdictylu@umich.edu,China,,8778.47,10/3/2020,Product B,Zabrina Dicty
788,Dylan Ivashnyov,68,lheatherlv@thetimes.co.uk,Brazil,76310-000,8620.46,1/14/2021,Product C,Laura Heather
789,Lalo Clowsley,42,sericssonlw@harvard.edu,Portugal,9555-145,996.3,6/2/2021,Product B,Simmonds Ericsson
790,Travers Applin,66,sdelx@trellian.com,Indonesia,,9616.59,4/21/2020,Product C,Shirl De Castri
791,Sinclare Scuffham,31,klandally@paginegialle.it,Russia,403070,8388.53,3/8/2021,Product B,Krisha Landal
792,Albie Ower,58,crossbrookelz@ucoz.com,Philippines,3605,8609.82,11/17/2020,Product A,Corabella Rossbrooke
793,Enrica Mulholland,50,dwakelingm0@storify.com,France,75542 CEDEX 11,3506.73,3/25/2021,Product A,Davita Wakeling
794,Wilow Northeast,84,mliberom1@cbsnews.com,China,,3099.78,1/26/2020,Product B,Midge Libero
795,Ardath Yarn,76,jkilfeatherm2@wikimedia.org,China,,9173.42,9/16/2021,Product B,Jacky Kilfeather
796,Page Skettles,47,lyarnoldm3@360.cn,Pakistan,87301,5263.89,8/19/2020,Product B,Lawton Yarnold
797,Moll Sibbering,41,kbelfragem4@cisco.com,Philippines,8006,776.97,8/15/2021,Product A,Kile Belfrage
798,Stefano MacCallion,50,cextilm5@infoseek.co.jp,Czech Republic,789 01,6533.03,1/9/2021,Product C,Cinnamon Extil
799,Eva Birkenshaw,47,dslineym6@indiegogo.com,Bolivia,,4117.61,9/23/2021,Product B,Derek Sliney
800,Hershel Hartup,56,mhousecroftm7@cbc.ca,Gabon,,2546.19,5/27/2020,Product C,Marietta Housecroft
801,Aida Feige,39,jristm8@bloglines.com,Argentina,5941,409.08,11/16/2020,Product C,Jacquenetta Rist
802,Teri Bartalot,44,bhowfordm9@cmu.edu,Croatia,52212,143.26,2/27/2021,Product B,Bennie Howford
803,Martina Levine,67,jtuffieldma@themeforest.net,Greece,,42.89,12/20/2021,Product C,Judi Tuffield
804,Aggi Smooth,21,bdemb@artisteer.com,Madagascar,,9262.86,8/23/2021,Product A,Brook de Broke
805,Trescha Limpricht,62,kmilchmc@seesaa.net,Indonesia,,5398.67,2/18/2021,Product B,Keelia Milch
806,Yankee Deschlein,20,hpandeymd@latimes.com,China,,1681.03,4/5/2021,Product B,Hersh Pandey
807,Owen Florio,65,kpenninome@thetimes.co.uk,China,,7758.17,3/27/2021,Product C,Kendell Pennino
808,Demetre Wassung,37,nveroniquemf@sciencedaily.com,Indonesia,,815.71,2/12/2020,Product B,Nobe Veronique
809,Con Capozzi,34,btrounsonmg@wikia.com,Portugal,4720-028,9983.73,1/24/2020,Product C,Burtie Trounson
810,Josefa Vasilyevski,77,jcrouchmh@joomla.org,North Korea,,5356.72,3/29/2021,Product A,Jacinda Crouch
811,Eben Dumke,71,mshortonmi@wunderground.com,Dominican Republic,11207,6817.18,3/11/2020,Product B,Malvin Shorton
812,Cam Sickling,70,bbartoschmj@blogtalkradio.com,Argentina,8316,9707.19,1/7/2020,Product A,Bogart Bartosch
813,Shannon Beevor,30,jantonikmk@chicagotribune.com,China,,9053.89,10/7/2021,Product C,Jenine Antonik
814,Marji Audas,60,nmillgateml@state.tx.us,Pakistan,72121,8253.88,6/4/2020,Product B,Neville Millgate
815,Cal Sigge,25,lbungeymm@multiply.com,China,,7048.69,7/17/2021,Product B,Liana Bungey
816,Revkah Senior,68,bjosefsenmn@linkedin.com,Ukraine,,1779.47,3/8/2020,Product B,Bartie Josefsen
817,Tandi Percifull,77,rrawstronmo@google.co.uk,Morocco,,3586.01,3/4/2021,Product A,Reynold Rawstron
818,Anne Wethey,76,apokermp@patch.com,China,,6545.35,7/1/2021,Product A,Abbot Poker
819,Dannie Jaslem,24,xlohoarmq@homestead.com,Vietnam,,4485.28,8/28/2020,Product A,Xever Lohoar
820,Jesselyn Pashan,32,wstonhousemr@zimbio.com,China,,9257.79,11/11/2021,Product C,Wells Stonhouse
821,Melisse Petrello,21,dbrychanms@vistaprint.com,Ethiopia,,1411.03,7/31/2020,Product A,Delmar Brychan
822,Helenka Scartifield,30,gfoshermt@1und1.de,Indonesia,,4295.88,5/17/2021,Product C,Genna Fosher
823,Josey Sircombe,81,galexandermu@cyberchimps.com,Indonesia,,3846.52,12/10/2021,Product C,Giulio Alexander
824,Caddric Steane,49,mmatonmv@paginegialle.it,France,84304 CEDEX,3959.41,11/4/2020,Product A,Martainn Maton
825,Shelley Morgon,85,elillegardmw@naver.com,Brazil,98700-000,3420.89,5/21/2020,Product B,Etienne Lillegard
826,Shanda Kilpin,26,mfarremx@wsj.com,Japan,424-0888,9919.54,3/21/2021,Product C,Mirilla Farre
827,Nerissa Shackle,50,gjuzamy@cmu.edu,Poland,36-207,2843.18,8/19/2020,Product C,Gnni Juza
828,Jeff Portman,60,ggotfreymz@de.vu,Indonesia,,7446.23,12/17/2021,Product A,Garwood Gotfrey
829,Yovonnda Dufoure,43,smcgeacheyn0@unblog.fr,Philippines,9213,2772.93,4/30/2021,Product B,Staci McGeachey
830,Olympie Sowrey,79,rnorthgravesn1@youku.com,China,,6401.7,10/15/2021,Product B,Rossie Northgraves
831,Kit Alvarado,68,asumnalln2@odnoklassniki.ru,Poland,32-437,220.26,8/13/2020,Product C,Anallise Sumnall
832,Guglielma Frow,52,mwiddocksn3@google.pl,Japan,904-0401,4967.26,9/15/2021,Product B,Morrie Widdocks
833,Burlie Tschursch,65,gternn4@surveymonkey.com,Indonesia,,9560.15,1/6/2021,Product B,Gaby Tern
834,Brandtr Lebond,80,mbarlesn5@jiathis.com,Mexico,30840,3657.24,2/11/2020,Product B,Moshe Barles
835,Donnajean McIlory,61,hyanyushkinn6@privacy.gov.au,Serbia,,9736.95,10/18/2021,Product C,Hodge Yanyushkin
836,George Schwander,32,jaxelln7@e-recht24.de,Ukraine,,6444.53,1/11/2021,Product A,Janaya Axell
837,Raquela Luard,73,wguidellin8@salon.com,Indonesia,,4502.94,4/4/2021,Product A,Willie Guidelli
838,Leonore O'Brallaghan,56,aseamann9@telegraph.co.uk,Russia,606525,5625.57,12/3/2020,Product C,Arnie Seaman
839,Uriel Leap,43,esangna@ed.gov,Nigeria,,6872.88,7/1/2020,Product B,Eydie Sang
840,Lavinia Castanone,21,agoldingnb@marketwatch.com,China,,2000.49,8/23/2020,Product B,Aubry Golding
841,Kimbell Selwyn,82,mhughfnc@google.ru,Indonesia,,5797.23,4/13/2021,Product B,Maitilde Hughf
842,Reginald Berdale,29,wsolomonidesnd@sbwire.com,Peru,,6869.14,5/22/2020,Product A,Winfield Solomonides
843,Moises Bitcheno,70,gcroxfordne@devhub.com,Peru,,6598.01,4/25/2021,Product B,Giuditta Croxford
844,Jessalin McRuvie,32,bleachnf@ezinearticles.com,Philippines,3001,3825.13,9/28/2021,Product B,Brunhilda Leach
845,Moritz Buckley,39,eprozillong@freewebs.com,Portugal,2400-772,744.68,1/30/2020,Product B,Ellis Prozillo
846,Brandy Maleck,29,csailenh@bloglovin.com,Japan,999-7638,7117.98,8/21/2020,Product C,Clementina Saile
847,Thorvald Sinnock,29,ndoniseni@opensource.org,Philippines,6616,2977.78,6/5/2021,Product B,Nellie D'Onise
848,Gawain Vassman,26,gaustonnj@prnewswire.com,China,,2417.27,11/25/2021,Product C,Gusty Auston
849,Martelle Clemon,75,amccreenk@nifty.com,United States,68105,4106.43,11/13/2021,Product C,Adelina McCree
850,Kristal Elmhurst,39,jserjentnl@wix.com,Indonesia,,2603.25,6/9/2020,Product B,Jae Serjent
851,Pearle Branchett,72,dlattimorenm@friendfeed.com,China,,5250.26,10/15/2021,Product A,Danya Lattimore
852,Nissa Perrone,26,vhaywardnn@illinois.edu,Colombia,195069,9803.56,3/10/2020,Product B,Vidovic Hayward
853,Fionna O'Crigan,62,jvanno@howstuffworks.com,China,,3828.47,3/29/2020,Product B,Joanna Van Dalen
854,Jo-anne Dowbekin,66,efouracresnp@diigo.com,Kosovo,,5365.92,11/21/2020,Product B,Erinna Fouracres
855,Matias Hast,49,dclamptonnq@theglobeandmail.com,Iraq,,4255.67,2/16/2021,Product B,Darcey Clampton
856,Markos Bruhnke,41,kjennenr@freewebs.com,Guatemala,13005,8548.52,9/15/2021,Product A,Kort Jenne
857,Cindee Rasch,73,obonninns@loc.gov,Croatia,23440,9359.98,6/17/2020,Product C,Ondrea Bonnin
858,Ianthe Jeeks,42,mfairlient@meetup.com,Peru,,7962.29,2/2/2021,Product A,Mort Fairlie
859,Meier Reddoch,39,aklejnanu@youtu.be,Peru,,2982.29,11/29/2021,Product C,Alexander Klejna
860,Moria Illing,25,dadamovichnv@gmpg.org,Sweden,449 43,1372.64,3/6/2020,Product A,Denney Adamovich
861,Rowan Buttrum,43,edhillonnw@dropbox.com,Mexico,47253,5007.47,7/2/2021,Product C,Eartha Dhillon
862,Sinclair Rose,21,kbarnsleynx@phoca.cz,Argentina,5925,6772.59,3/8/2020,Product A,Kati Barnsley
863,Quintus Nuton,23,tdeeganny@twitpic.com,Thailand,11120,3711.2,8/11/2021,Product B,Thane Deegan
864,Reed Yeatman,69,tsimoneschinz@domainmarket.com,Zimbabwe,,1864.19,2/4/2020,Product A,Tommie Simoneschi
865,Laurent Posten,41,jeddisono0@ameblo.jp,Finland,29811,3518.39,8/15/2021,Product C,Jeanie Eddison
866,Kristal Greensite,37,sgilliono1@boston.com,China,,5854.4,1/4/2021,Product B,Shaughn Gillion
867,Currie Clare,31,jmariyushkino2@opera.com,Tunisia,,8263.55,1/12/2020,Product B,Jacquenette Mariyushkin
868,Rudolf Dubois,69,fgounardo3@opera.com,United States,33064,428.06,5/27/2021,Product A,Fern Gounard
869,Conchita Ziemecki,42,lhutleyo4@cnet.com,Philippines,7209,8063.89,4/21/2021,Product C,Leigha Hutley
870,Ganny McGarrie,24,kmatelyunaso5@huffingtonpost.com,Indonesia,,3088.66,5/8/2020,Product A,Katalin Matelyunas
871,Annalee Walczynski,85,fgillmano6@merriam-webster.com,China,,3048.76,12/25/2020,Product A,Fredia Gillman
872,Tove Syversen,82,rheighoo7@cocolog-nifty.com,Indonesia,,7493.96,8/6/2020,Product A,Ruthe Heigho
873,Archambault Kirrage,47,cgrayleyo8@nifty.com,Indonesia,,1460.73,7/21/2021,Product B,Courtenay Grayley
874,Rosella Kirvin,73,moneillo9@wired.com,Azerbaijan,,2370.61,1/16/2020,Product B,Madelena O'Neill
875,Nannie Benford,81,ncalenderoa@walmart.com,Brazil,39510-000,1262.34,4/3/2020,Product A,Nonie Calender
876,Siobhan Stuckes,76,oshearsbyob@forbes.com,Portugal,7960-115,3538.43,7/24/2020,Product B,Otho Shearsby
877,Dorisa Spatarul,37,ascheffleroc@godaddy.com,Greece,,4984.38,4/6/2021,Product B,Aggy Scheffler
878,Odell Drayn,40,kbestonod@apache.org,China,,6071.44,2/16/2020,Product C,Kimmie Beston
879,Carline Dunbobin,73,dtwiggeroe@youku.com,Poland,36-042,5208.05,7/29/2021,Product A,Delmar Twigger
880,Isa Lyne,24,mrobersof@cpanel.net,China,,3810.88,6/19/2021,Product A,Monti Robers
881,Rolfe Baversor,25,bcheneryog@artisteer.com,China,,4023.11,1/1/2020,Product C,Brendis Chenery
882,Vernon Strood,57,fdugoodoh@ucoz.com,Brazil,99560-000,3877.73,6/21/2021,Product A,Fayina Dugood
883,Twyla Rothery,61,edoornbosoi@ftc.gov,Thailand,18130,6347.22,4/29/2021,Product C,Elianore Doornbos
884,Ofilia Medway,51,wbubbingsoj@google.com.hk,Indonesia,,647.15,6/11/2020,Product C,Willey Bubbings
885,Filide Kacheler,30,yhellekerok@bravesites.com,Colombia,194089,2125.41,4/17/2020,Product B,Ynes Helleker
886,Nelie Halley,63,pcadgeol@earthlink.net,China,,4430.97,2/10/2021,Product A,Pegeen Cadge
887,Gaby Puttock,40,daddyom@theatlantic.com,Philippines,6008,6749.41,4/8/2020,Product A,Dianna Addy
888,Egbert Trace,55,lanthonyon@wix.com,Portugal,9500-506,3661.51,3/9/2021,Product B,Lorelle Anthony
889,Pauline Tumelty,26,mpolleyoo@vinaora.com,China,,4600.02,2/28/2021,Product C,Maurine Polley
890,Gabby Shannon,56,qbeagenop@photobucket.com,Colombia,763508,7456.21,6/4/2020,Product C,Quinlan Beagen
891,Lennie Amis,64,jwillimotoq@ihg.com,Netherlands,7824,6345.38,1/22/2021,Product C,Joelle Willimot
892,Barbette Pellington,24,hpateyor@marketwatch.com,China,,6092.24,8/19/2021,Product C,Hilly Patey
893,Ulrika Gatfield,80,freemanos@opensource.org,China,,574.45,6/29/2020,Product C,Franciskus Reeman
894,Hallsy Vatcher,40,lolsenot@squarespace.com,Brazil,15170-000,3450.97,12/22/2021,Product C,Lenna Olsen
895,Mia Wisher,78,bwaisou@cam.ac.uk,Thailand,13230,9.05,9/19/2021,Product C,Blondell Wais
896,Tull Weild,47,tshotboltov@com.com,Colombia,055018,9405.14,1/16/2021,Product B,Thayne Shotbolt
897,Jesus Ivell,50,nzanuttiow@multiply.com,South Africa,3850,4501.63,6/4/2020,Product A,Niel Zanutti
898,Carce Culy,29,ldrakersox@biglobe.ne.jp,China,,1539.0,5/19/2021,Product B,Laurella Drakers
899,Patrice Pooly,67,lwillmettoy@zimbio.com,China,,8506.3,6/29/2020,Product B,Leoline Willmett
900,Elvyn Langmaid,71,gkerinoz@opera.com,Croatia,53000,1571.98,8/13/2020,Product B,Gabriella Kerin
901,Kienan McCurt,66,mdowardp0@npr.org,Indonesia,,3075.56,3/28/2021,Product B,Mae Doward
902,Claudianus Whistan,70,msarvarp1@tinyurl.com,Cameroon,,3741.05,3/21/2020,Product A,Moira Sarvar
903,Stephana Sparkes,22,mipgravep2@chronoengine.com,China,,3327.58,6/23/2020,Product B,Matt Ipgrave
904,Theodor Tester,67,jcurrorp3@prnewswire.com,Russia,622052,2531.15,10/14/2021,Product C,Jeffie Curror
905,Serene Tweedy,37,zwitherupp4@hc360.com,Colombia,202058,8112.93,3/11/2020,Product A,Zelda Witherup
906,Ricki Sharpley,46,ajansensp5@cbc.ca,Peru,,8407.82,3/25/2021,Product A,Ansley Jansens
907,Dominick Pantin,83,waggliop6@google.it,Nigeria,,2435.39,2/28/2020,Product A,Wye Agglio
908,Clovis McGeneay,81,mnoahp7@twitpic.com,United States,34745,7305.4,4/25/2020,Product C,Minta Noah
909,Papagena Marsland,72,aduellp8@livejournal.com,Poland,77-124,7612.1,1/30/2021,Product A,Amandie Duell
910,Vinni Beinisch,74,gmcgeechanp9@cam.ac.uk,United States,75236,5244.01,5/7/2020,Product A,Gray McGeechan
911,Kalli Grote,71,tgalespa@blogspot.com,China,,9950.01,6/23/2021,Product A,Tucker Gales
912,Laurene Sizey,53,bwoolenpb@nationalgeographic.com,French Polynesia,,4678.23,7/18/2021,Product A,Brinna Woolen
913,Eliza Farres,52,glaffanpc@nasa.gov,Indonesia,,6967.01,8/8/2021,Product A,Gilbertine Laffan
914,Micky Breakspear,36,vloffelpd@oaic.gov.au,Kosovo,,24.26,9/24/2020,Product A,Vanessa Loffel
915,Minne Muress,32,fcanetepe@hexun.com,Indonesia,,9689.68,2/4/2020,Product A,Felipe Canete
916,Anatola Navein,49,mseemmondspf@globo.com,Russia,607914,3318.73,4/3/2021,Product C,Mersey Seemmonds
917,Delmor Clinch,48,mdummettpg@netscape.com,Brazil,08940-000,2891.24,12/12/2020,Product A,Madelaine Dummett
918,Ericha Gerrans,62,nhuffaph@shareasale.com,China,,3102.13,3/16/2021,Product C,Nonna Huffa
919,Clark Bengle,30,gaustpi@narod.ru,Czech Republic,739 97,5556.74,11/10/2021,Product A,Gui Aust
920,Herold Westmarland,60,klangshawpj@ihg.com,Poland,16-433,9304.55,8/18/2021,Product A,Karrah Langshaw
921,Zea Urion,36,acarlowpk@nyu.edu,China,,7095.53,11/25/2021,Product C,Artair Carlow
922,Berne McBrearty,50,dguillempl@blinklist.com,Japan,754-0897,9874.27,5/31/2021,Product C,Dory Guillem
923,Arvie Revie,35,lpeerypm@state.tx.us,Brazil,17700-000,9865.11,10/31/2021,Product B,Lela Peery
924,Merwyn Brinkler,45,tspilstedpn@cargocollective.com,Brazil,38610-000,4236.72,7/12/2020,Product A,Tirrell Spilsted
925,Sybyl Leeburne,23,cdebneypo@meetup.com,Russia,142717,2033.05,10/15/2021,Product C,Carter Debney
926,Brooks Guillon,18,inafzigerpp@nbcnews.com,Mexico,36200,4039.85,7/21/2020,Product B,Ilse Nafziger
927,Veronica Tschiersch,83,hhellyerpq@wikia.com,Saint Vincent and the Grenadines,,3206.99,10/22/2021,Product A,Herb Hellyer
928,Keslie Sellan,33,apengilleypr@google.com.hk,Sudan,,2614.92,4/26/2021,Product A,Allx Pengilley
929,Grier Howard - Gater,25,celanps@woothemes.com,France,75318 CEDEX 09,2781.04,10/30/2021,Product A,Ciel Elan
930,Adel Arkow,74,gbuftonpt@sina.com.cn,Bulgaria,2281,4386.52,1/4/2020,Product B,Gilberta Bufton
931,Geri Cleaver,68,hdrillingcourtpu@ow.ly,Ecuador,,3592.11,10/2/2020,Product C,Harlin Drillingcourt
932,Richard Vickerman,55,ppaulleypv@digg.com,China,,8579.29,3/9/2020,Product A,Paige Paulley
933,Otes O'Henehan,34,vthormannpw@fema.gov,China,,306.25,4/10/2021,Product C,Valencia Thormann
934,Adi Jeanes,83,kbuckleypx@shinystat.com,Yemen,,2204.82,11/3/2021,Product C,Kira Buckley
935,Ronica Savary,35,mraycroftpy@umn.edu,Armenia,,1802.9,12/8/2021,Product A,Maxine Raycroft
936,Gabriel Coleyshaw,84,breveleypz@irs.gov,United States,17126,8839.78,6/28/2020,Product A,Bethina Reveley
937,Adolf Catherick,46,mmaddiganq0@ehow.com,Portugal,3610-193,6601.15,4/1/2021,Product A,Marianne Maddigan
938,Dominga Harsnep,47,cmesserq1@diigo.com,Philippines,2504,7634.25,1/21/2021,Product B,Carny Messer
939,Cathyleen Horley,84,tprujeanq2@senate.gov,Ireland,N37,9187.65,2/25/2020,Product A,Trudi Prujean
940,Abran Stoeckle,20,lheinemannq3@hc360.com,Indonesia,,4051.02,7/6/2021,Product C,Lotti Heinemann
941,Jemimah Gerrish,72,areyq4@wikipedia.org,Venezuela,,3415.4,8/20/2020,Product A,Addy Rey
942,Billie Babbe,68,adanielsenq5@cyberchimps.com,Mongolia,,816.02,5/11/2021,Product A,Anallise Danielsen
943,Shannon FitzGeorge,62,rtolladyq6@mozilla.org,Bolivia,,5536.97,12/30/2021,Product C,Rheta Tollady
944,Ruthie Bouskill,83,jworboyq7@moonfruit.com,Moldova,MD-4801,986.05,4/18/2020,Product B,Jamima Worboy
945,Georgeanna Kleinplac,70,dwroeq8@wsj.com,Indonesia,,7124.81,6/27/2020,Product A,Decca Wroe
946,Margaretha Dipple,61,cmonteathq9@csmonitor.com,Indonesia,,8731.24,7/6/2021,Product C,Carmella Monteath
947,Shaine Ivatt,83,gsanhamqa@shop-pro.jp,Russia,403115,7623.01,6/13/2020,Product A,Grace Sanham
948,Natty Acott,40,kgoodersqb@vistaprint.com,United States,33158,6592.22,4/21/2020,Product C,Kelbee Gooders
949,Meris Pickhaver,24,lmarymanqc@earthlink.net,Russia,242731,8297.07,8/30/2020,Product C,Lambert Maryman
950,Celesta Hrihorovich,45,fcockrellqd@barnesandnoble.com,Portugal,2985-129,6008.22,8/6/2021,Product A,Filippo Cockrell
951,Susanne Hoffmann,59,rgowmanqe@nih.gov,Japan,904-2223,3560.59,9/3/2021,Product A,Raynor Gowman
952,Gavra Rathke,46,fstrikeqf@vkontakte.ru,Portugal,7005-104,9211.04,1/27/2021,Product A,Freedman Strike
953,Adelice Pennino,70,iramseyqg@huffingtonpost.com,Russia,243126,1399.15,12/7/2021,Product A,Ingar Ramsey
954,Ellswerth Hatcher,72,rjigginsqh@illinois.edu,Indonesia,,4185.51,3/31/2020,Product B,Rebbecca Jiggins
955,Caleb Innot,58,tburgoineqi@vkontakte.ru,Russia,658540,6970.21,9/11/2020,Product B,Teddy Burgoine
956,Gianina Kubecka,26,wribeiroqj@apache.org,Russia,452607,2398.21,3/24/2021,Product A,Wright Ribeiro
957,Colene Lambrecht,28,mallmannqk@state.gov,Japan,286-0002,2071.35,12/10/2020,Product C,Mile Allmann
958,Yehudi Treadway,70,nantoniewiczql@youtu.be,Ecuador,,3477.32,3/8/2020,Product A,Nicoline Antoniewicz
959,Oby Paolazzi,69,bescrittqm@intel.com,Vietnam,,3659.86,11/24/2020,Product B,Briney Escritt
960,Woodman Piscot,85,chailwoodqn@usa.gov,Venezuela,,5874.1,11/13/2021,Product A,Caroline Hailwood
961,Kippar Linacre,53,djolinqo@dell.com,Canada,L7A,3532.74,11/2/2021,Product A,Dodie Jolin
962,Olav Truce,71,wshallcroffqp@umn.edu,Sweden,611 24,1410.81,1/12/2020,Product A,Wilmette Shallcroff
963,Cassandra Perigo,28,dlambotqq@bigcartel.com,China,,8198.42,8/9/2020,Product A,Dael Lambot
964,Derrick Wurst,32,kspawforthqr@liveinternet.ru,Philippines,9206,1546.04,3/22/2021,Product B,Kennie Spawforth
965,Sterne Churchward,72,htribellqs@prweb.com,Colombia,177089,7971.71,12/23/2021,Product A,Hugibert Tribell
966,Judi Po,51,jdopplerqt@va.gov,Philippines,8316,7245.16,11/22/2020,Product C,Jeffry Doppler
967,De witt Aitkin,63,cmilmorequ@google.it,China,,5587.85,1/11/2020,Product C,Cymbre Milmore
968,Dulci Jordeson,43,vtanslieqv@samsung.com,Russia,422338,9036.06,4/16/2020,Product B,Vonni Tanslie
969,Caressa Bramsen,30,jdurtnellqw@csmonitor.com,China,,2753.14,9/26/2020,Product B,Jaime Durtnell
970,Loralee Cradick,36,bkennyqx@earthlink.net,Canada,H9K,1502.03,1/13/2020,Product C,Byrom Kenny
971,Devinne Whatham,78,foddyqy@t-online.de,Panama,,3347.69,5/7/2020,Product A,Fletcher Oddy
972,Rowena Ruilton,82,vhaslehurstqz@ezinearticles.com,China,,7497.46,5/17/2020,Product C,Vlad Haslehurst
973,Eryn Bladon,23,crainsdenr0@china.com.cn,Iran,,565.1,10/21/2020,Product C,Caryl Rainsden
974,Hayley Grichukhin,28,ddibbinr1@diigo.com,Brazil,96500-000,7945.16,1/25/2020,Product B,Dido Dibbin
975,Fitzgerald Baskerfield,54,mchurchyardr2@nifty.com,United States,32885,1621.28,8/17/2020,Product B,Madeleine Churchyard
976,Graham Nutton,83,rallbrookr3@foxnews.com,Indonesia,,6616.62,12/23/2021,Product B,Rosa Allbrook
977,Connie Handes,74,jdanielr4@sogou.com,Indonesia,,3591.62,11/30/2021,Product B,Jazmin Daniel
978,Spense Bowmaker,32,cbusekr5@rakuten.co.jp,Indonesia,,3049.92,8/19/2020,Product B,Carmita Busek
979,Editha Windibank,55,ksavinsr6@prnewswire.com,France,93517 CEDEX,931.02,10/28/2020,Product A,Katuscha Savins
980,Annabell Stockey,70,cserrierr7@earthlink.net,Russia,442153,3668.13,9/17/2020,Product A,Corie Serrier
981,Jordan Dorkins,55,wpantlingr8@desdev.cn,Afghanistan,,5441.59,3/4/2021,Product B,Wallie Pantling
982,Renae McTiernan,60,gharwellr9@harvard.edu,Guinea,,8046.75,10/21/2020,Product C,Gabey Harwell
983,Anton Shiel,50,ewakesra@illinois.edu,Indonesia,,1536.29,6/22/2020,Product A,Emmet Wakes
984,Anson Charette,36,bmoffatrb@eepurl.com,Ghana,,2046.57,7/25/2021,Product B,Bernadina Moffat
985,Aila MacCroary,82,kaspinellrc@xrea.com,Indonesia,,4616.54,4/9/2020,Product C,Kassey Aspinell
986,Elwin Jeannet,69,ewarsoprd@unc.edu,Philippines,1085,5206.87,5/16/2020,Product B,Elijah Warsop
987,Aloysius McAnulty,81,sgallgherre@mayoclinic.com,Indonesia,,3940.17,9/27/2020,Product A,Syman Gallgher
988,Opalina Worviell,41,dsmylierf@twitter.com,Canada,J6A,8777.87,8/9/2020,Product A,Dyan Smylie
989,Torie Dunning,62,cdittyrg@pbs.org,Philippines,1470,3779.71,2/11/2021,Product C,Chev Ditty
990,Emylee Clegg,39,cmuccinorh@opera.com,Uruguay,,7450.59,12/12/2020,Product C,Celle Muccino
991,Corry Pifford,46,dgosslingri@dailymail.co.uk,France,48005 CEDEX,7177.07,12/9/2020,Product A,Dion Gossling
992,Jenn Odney,21,mlamballrj@feedburner.com,Bosnia and Herzegovina,,6874.12,10/16/2020,Product B,Mitchell Lamball
993,Pen Stanislaw,81,gleebeterrk@weebly.com,Poland,76-002,5322.8,1/28/2021,Product B,Garrot Leebeter
994,Sally Rotham,48,tmaasrl@google.de,Sweden,722 25,4651.96,5/20/2020,Product C,Tilda Maas
995,Leigha De Bruyn,66,mmcgahyrm@nytimes.com,China,,2572.43,1/11/2020,Product C,Matelda McGahy
996,Henrik Litterick,36,cridenrn@gnu.org,China,,7879.32,3/15/2020,Product A,Charmaine Riden
997,Marice Woodyeare,84,owestcarro@scientificamerican.com,Serbia,,2054.43,9/8/2020,Product A,Odelia Westcar
998,Carmon Tibbits,83,cstroudrp@phpbb.com,Philippines,6602,7752.33,6/19/2021,Product B,Christyna Stroud
999,Lynde Di Bernardo,34,mgiddenrq@apache.org,Sweden,861 83,8609.29,6/6/2020,Product A,Marys Gidden
1000,Ola Pactat,84,mduckrr@google.co.uk,Peru,,1195.4,3/20/2021,Product A,Mikkel Duck
